id,full title,description,url
10514,2012 EULAR/ACR Classification Criteria for Polymyalgia Rheumatica,Classifies polymyalgia rheumatica by expert consensus recommendations.,http://www.mdcalc.com/calc/10514
10454,2023 Emergency Medicine Coding Guide,Rates level of service required in emergency medicine.,http://www.mdcalc.com/calc/10454
10474,2HELPS2B Score,Estimates seizure risk in acutely ill patients undergoing continuous EEG (cEEG).,http://www.mdcalc.com/calc/10474
3982,4 A’s Test for Delirium Screening,Diagnoses delirium in older patients.,http://www.mdcalc.com/calc/3982
10370,4-Level Pulmonary Embolism Clinical Probability Score (4PEPS),Rules out PE based on clinical criteria.,http://www.mdcalc.com/calc/10370
10338,4C Mortality Score for COVID-19,Predicts in-hospital mortality in patients admitted with COVID-19.,http://www.mdcalc.com/calc/10338
1787,4Ts Score for Heparin-Induced Thrombocytopenia,Differentiates patients with HIT from those with other causes of thrombocytopenia.,http://www.mdcalc.com/calc/1787
3983,6 Minute Walk Distance,"Calculates reference values for distance walked, as a measure of functional status.",http://www.mdcalc.com/calc/3983
243,A-a O<sub>2</sub> Gradient,Assesses for degree of shunting and V/Q mismatch.,http://www.mdcalc.com/calc/243
4052,AAP Pediatric Hypertension Guidelines,Diagnoses hypertension in pediatric patients; official guideline of the American Academy of Pediatrics.,http://www.mdcalc.com/calc/4052
3627,Abbey Pain Scale for Dementia Patients,Assesses pain in patients with advanced dementia.,http://www.mdcalc.com/calc/3627
4056,Abbreviated Injury Score (AIS) for Inhalation Injury,Classifies inhalation injury severity based on bronchoscopic findings.,http://www.mdcalc.com/calc/4056
10208,Abbreviated Mental Test (AMT-10),Assesses mental impairment in elderly patients.,http://www.mdcalc.com/calc/10208
3995,Abbreviated Mental Test 4 (AMT-4),Assesses mental impairment in elderly patients.,http://www.mdcalc.com/calc/3995
1228,ABC Score for Massive Transfusion,Predicts need for massive transfusion in trauma patients.,http://www.mdcalc.com/calc/1228
2031,ABC/2 Formula for Intracerebral Hemorrhage Volume,Predicts volume of intracranial hemorrhage from CT measurements.,http://www.mdcalc.com/calc/2031
357,ABCD<sup>2</sup> Score for TIA,Estimates the risk of stroke after a suspected transient ischemic attack (TIA).,http://www.mdcalc.com/calc/357
10136,ABIC Score for Alcoholic Hepatitis,Predicts survival in alcoholic hepatitis.,http://www.mdcalc.com/calc/10136
10435,Abnormal Involuntary Movement Scale (AIMS),Measures involuntary movements of tardive dyskinesia (TD).,http://www.mdcalc.com/calc/10435
2203,Absolute Lymphocyte Count (ALC),Assesses number of lymphocytes and predicts CD4 count.,http://www.mdcalc.com/calc/2203
19,Absolute Neutrophil Count (ANC),Frequently used to assess neutropenic fever in chemotherapy patients.,http://www.mdcalc.com/calc/19
1667,Absolute Reticulocyte Count & Reticulocyte Index,"Assesses appropriate response to anemia, frequently in sickle cell patients.",http://www.mdcalc.com/calc/1667
10419,Abuse Assessment Screen (AAS),Detects domestic abuse (intimate partner violence) in pregnant and nonpregnant women in healthcare settings.,http://www.mdcalc.com/calc/10419
3826,ACC/AHA Heart Failure Staging,Describes stages of heart failure and provides recommendations for therapy by stage.,http://www.mdcalc.com/calc/3826
10075,ACEF II Risk Score for Cardiac Surgery,Predicts 30-day mortality after elective or emergency cardiac surgery.,http://www.mdcalc.com/calc/10075
10373,ACEP ED COVID-19 Management Tool,"Emergency department classification and management tool for adult patients (greater than 18 years old) with suspected or confirmed SARS-CoV-2 (v3.0, updated Fall 2023).",http://www.mdcalc.com/calc/10373
568,Acetaminophen Overdose and NAC Dosing,Calculates PO/IV NAC dosing for acetaminophen overdose (and nomogram to determine toxic 4 hour level).,http://www.mdcalc.com/calc/568
10092,ACR/EULAR 2010 Rheumatoid Arthritis Classification Criteria,Diagnoses rheumatoid arthritis (RA) in patients with undifferentiated inflammatory synovitis.,http://www.mdcalc.com/calc/10092
2195,ACR/EULAR Gout Classification Criteria,Provides formal diagnostic criteria for gout.,http://www.mdcalc.com/calc/2195
10020,ACTION ICU Score for Intensive Care in NSTEMI,Predicts risk of NSTEMI complications requiring ICU care.,http://www.mdcalc.com/calc/10020
3828,Acute Decompensated Heart Failure National Registry (ADHERE) Algorithm,Predicts in-hospital mortality in patients with heart failure (HF).,http://www.mdcalc.com/calc/3828
2175,Acute Gout Diagnosis Rule,Risk stratifies for gout vs non-gout arthritis and helps determine which patients benefit most from joint aspiration.,http://www.mdcalc.com/calc/2175
10471,Acute Renal Failure after Cardiac Surgery (Thakar Score),Predicts risk of acute renal failure (ARF) requiring dialysis after cardiac surgery.,http://www.mdcalc.com/calc/10471
1857,ADAPT Protocol for Cardiac Event Risk,Assesses chest pain patients at 2 hours for risk of cardiac event.,http://www.mdcalc.com/calc/1857
3909,Additional Nodal Metastasis Nomogram,Predicts likelihood of breast cancer with sentinel lymph node metastasis has also spread to additional lymph nodes.,http://www.mdcalc.com/calc/3909
1730,Adult Self-Report Scale (ASRS v1.1) for ADHD,Diagnoses adult ADHD.,http://www.mdcalc.com/calc/1730
10464,Adverse Childhood Experiences (ACE) Score,Screens for adverse childhood experiences.,http://www.mdcalc.com/calc/10464
10138,Age-Adjusted D-dimer for Venous Thromboembolism (VTE),Adjusts D-dimer cutoffs by age to help rule out VTE.,http://www.mdcalc.com/calc/10138
10049,Age-Adjusted ESR/CRP for Rheumatoid Arthritis,Calculates age-adjusted ESR and CRP in adult patients with rheumatoid arthritis.,http://www.mdcalc.com/calc/10049
3801,AIMS65 Score for Upper GI Bleeding Mortality,Determines risk of in-hospital mortality from upper GI bleeding.,http://www.mdcalc.com/calc/3801
10018,AKIN Classification for Acute Kidney Injury (AKI),"Classifies severity of acute kidney injury, similar to RIFLE Criteria.",http://www.mdcalc.com/calc/10018
3164,Alberta Stroke Program Early CT Score (ASPECTS),Determines MCA stroke severity using available CT data.,http://www.mdcalc.com/calc/3164
10070,ALBI (Albumin-Bilirubin) Grade for Hepatocellular Carcinoma (HCC),Predicts survival in HCC patients.,http://www.mdcalc.com/calc/10070
3998,ALT-70 Score for Cellulitis,Predicts likelihood of lower extremity cellulitis over other diagnoses.,http://www.mdcalc.com/calc/3998
10343,Altitude-Adjusted PERC Rule,Rules out PE if no criteria are present; includes SaO2 adjustment for altitude.,http://www.mdcalc.com/calc/10343
617,Alvarado Score for Acute Appendicitis,Predicts likelihood of appendicitis diagnosis.,http://www.mdcalc.com/calc/617
4020,American Diabetes Association (ADA) Risk Calculator,Predicts risk of undiagnosed diabetes to determine who should be screened.,http://www.mdcalc.com/calc/4020
10439,American University of Beirut (AUB)-HAS2 Cardiovascular Risk Index,Stratifies cardiovascular risk of patients undergoing noncardiac surgery.,http://www.mdcalc.com/calc/10439
10462,American Urological Association Symptom Index (AUA-SI)/International Prostate Symptom Score (IPSS),Measures severity of benign prostatic hyperplasia (BPH) symptoms.,http://www.mdcalc.com/calc/10462
1669,Anion Gap,Evaluates states of metabolic acidosis.,http://www.mdcalc.com/calc/1669
10047,Ankylosing Spondylitis Disease Activity Score with CRP (ASDAS-CRP),"Stratifies severity of ankylosing spondylitis (AS) using clinical and laboratory data, specifically CRP.",http://www.mdcalc.com/calc/10047
10050,Ankylosing Spondylitis Disease Activity Score with ESR (ASDAS-ESR),"Stratifies severity of ankylosing spondylitis (AS) using clinical and laboratory data, specifically ESR.",http://www.mdcalc.com/calc/10050
4046,Antivenom Dosing Algorithm,"Doses antivenom (CroFab only, not Anavip) for pit viper snakebites.",http://www.mdcalc.com/calc/4046
4060,Aortic Dissection Detection Risk Score (ADD-RS),Rules out aortic dissection.,http://www.mdcalc.com/calc/4060
1868,APACHE II Score,Estimates ICU mortality.,http://www.mdcalc.com/calc/1868
10104,Apfel Score for Postoperative Nausea and Vomiting,Predicts risk of postoperative nausea and vomiting (PONV).,http://www.mdcalc.com/calc/10104
23,APGAR Score,Assesses neonates 1 and 5 minutes after birth.,http://www.mdcalc.com/calc/23
3984,Appendicitis Inflammatory Response (AIR) Score,Diagnoses appendicitis based on clinical and laboratory findings.,http://www.mdcalc.com/calc/3984
10022,ARISCAT Score for Postoperative Pulmonary Complications,"Predicts risk of pulmonary complications after surgery, including respiratory failure.",http://www.mdcalc.com/calc/10022
1741,Arterial Blood Gas (ABG) Analyzer,Interprets ABG.,http://www.mdcalc.com/calc/1741
10024,ASA Physical Status/ASA Classification,Classifies health of patients prior to surgery.,http://www.mdcalc.com/calc/10024
306,ASAS Criteria for Axial Spondyloarthritis (SpA),Classifies axial spondyloarthritis according to Assessment of Spondyloarthritis International Society (ASAS) criteria.,http://www.mdcalc.com/calc/306
10032,ASAS Criteria for Peripheral SpondyloArthritis (SpA),Classifies peripheral spondyloarthritis according to Assessment of SpondyloArthritis International Society (ASAS) criteria.,http://www.mdcalc.com/calc/10032
10036,ASCOD Algorithm for Ischemic Stroke,Assigns phenotype in patients with ischemic stroke of uncertain causes.,http://www.mdcalc.com/calc/10036
3398,ASCVD (Atherosclerotic Cardiovascular Disease) 2013 Risk Calculator from AHA/ACC,Determines 10-year risk of heart disease or stroke.,http://www.mdcalc.com/calc/3398
3400,ASCVD (Atherosclerotic Cardiovascular Disease) Risk Algorithm including Known ASCVD from AHA/ACC,Determines 10-year risk of heart disease or stroke and provides statin recommendations.,http://www.mdcalc.com/calc/3400
3094,AST to Platelet Ratio Index (APRI),Determines the likelihood of hepatic fibrosis and cirrhosis in patients with hepatitis C.,http://www.mdcalc.com/calc/3094
10495,Asthma Impairment and Risk Questionnaire (AIRQ),Measures asthma impairment and risk.,http://www.mdcalc.com/calc/10495
3381,Asthma Predictive Index (API),Determines likelihood of pediatric patients developing childhood asthma.,http://www.mdcalc.com/calc/3381
3967,ASTRAL Score for Ischemic Stroke,Predicts 90-day poor outcome in patients with acute ischemic stroke.,http://www.mdcalc.com/calc/3967
3929,Asymptomatic Myeloma Prognosis,Predicts risk of progression of asymptomatic (smoldering) multiple myeloma to active myeloma or amyloidosis.,http://www.mdcalc.com/calc/3929
10218,ATLAS Score for Clostridium Difficile Infection,Predicts response to therapy in patients with C. diff.,http://www.mdcalc.com/calc/10218
1718,ATRIA Bleeding Risk Score,Determines bleeding risk for patients on warfarin.,http://www.mdcalc.com/calc/1718
1842,ATRIA Stroke Risk Score,Determines stroke risk in patients with atrial fibrillation.,http://www.mdcalc.com/calc/1842
2664,Atropine Dosing for Cholinesterase Inhibitor Toxicity,"Doses atropine for cholinesterase inhibitor toxicity (prescribed drugs, nerve gas, insecticides).",http://www.mdcalc.com/calc/2664
2021,AUDIT-C for Alcohol Use,"Identifies at-risk drinkers (i.e., binge drinking) who may not be alcohol-dependent.",http://www.mdcalc.com/calc/2021
3931,Australian Type 2 Diabetes Risk (AUSDRISK) Assessment Tool,"Estimates risk of developing type 2 diabetes, mainly in Australian patients.",http://www.mdcalc.com/calc/3931
10090,AWOL Score for Delirium,Predicts risk of delirium during hospitalization.,http://www.mdcalc.com/calc/10090
3911,Bacterial Meningitis Score for Children,Rules out bacterial meningitis.,http://www.mdcalc.com/calc/3911
4019,BAP-65 Score for Acute Exacerbation of COPD,Predicts mortality in acute COPD exacerbation.,http://www.mdcalc.com/calc/4019
3825,Barcelona-Clinic Liver Cancer (BCLC) Staging Classification and Treatment Guidelines,Determines progression of disease and proper treatment course for patients with HCC.,http://www.mdcalc.com/calc/3825
10086,BARD Score for NAFLD Fibrosis,Predicts risk of advanced fibrosis in NAFLD patients.,http://www.mdcalc.com/calc/10086
1894,Barnes Jewish Hospital Stroke Dysphagia Screen,Assesses ability to swallow without aspiration after stroke.,http://www.mdcalc.com/calc/1894
3912,Barthel Index for Activities of Daily Living (ADL),"Assesses functional independence, generally in stroke patients.",http://www.mdcalc.com/calc/3912
25,Basal Energy Expenditure,Calculates daily energy expenditure.,http://www.mdcalc.com/calc/25
3993,Basic Statistics Calc,Calculates common epidemiologic values for diagnostic tests and treatments.,http://www.mdcalc.com/calc/3993
4030,Bastion Classification of Lower Limb Blast Injuries,Stratifies blast injuries of lower limbs to guide treatment.,http://www.mdcalc.com/calc/4030
10506,BeAM Value,Calculates the difference between bedtime and AM fasting glucoses.,http://www.mdcalc.com/calc/10506
3625,Behavioral Observational Pain Scale (BOPS) for Post-Op Pediatric Pain,Quantifies post-operative pain for children aged 1-7 years.,http://www.mdcalc.com/calc/3625
3622,Behavioral Pain Scale (BPS) for Pain Assessment in Intubated Patients,Quantifies pain in intubated patients.,http://www.mdcalc.com/calc/3622
10091,Benzodiazepine Conversion Calculator,Provides equivalents between different benzodiazepines.,http://www.mdcalc.com/calc/10091
10294,Berlin Criteria for Acute Respiratory Distress Syndrome,Provides diagnostic criteria for acute respiratory distress syndrome (ARDS).,http://www.mdcalc.com/calc/10294
27,Bicarbonate Deficit,Calculates the total body bicarbonate deficit.,http://www.mdcalc.com/calc/27
10053,Binet Staging System for Chronic Lymphocytic Leukemia (CLL),"Stages chronic lymphocytic leukemia, similar to Rai Staging System.",http://www.mdcalc.com/calc/10053
1735,BISAP Score for Pancreatitis Mortality,Predicts mortality risk in pancreatitis with fewer variables than Ranson's.,http://www.mdcalc.com/calc/1735
3320,Bishop Score for Vaginal Delivery and Induction of Labor,Predicts likelihood of successful vaginal delivery.,http://www.mdcalc.com/calc/3320
4028,Blast Lung Injury Severity Score,Stratifies primary blast lung injuries into three categories to guide ventilator treatment.,http://www.mdcalc.com/calc/4028
4065,Blood Volume Calculation,"Calculates total blood volume, red blood cell volume, and plasma volume.",http://www.mdcalc.com/calc/4065
3916,BODE Index for COPD Survival,Predicts survival in COPD patients.,http://www.mdcalc.com/calc/3916
10189,Body Fluid Balance Calculator by Inputs and Outputs,"Calculates fluid balance from sodium concentrations which indicate net 0.9% saline, and free water losses (GI, urine, etc) and gains (IV fluids, PO, etc).",http://www.mdcalc.com/calc/10189
29,Body Mass Index (BMI) and Body Surface Area (BSA),Calculates body mass index and body surface area.,http://www.mdcalc.com/calc/29
4004,Bova Score for Pulmonary Embolism Complications,Predicts 30-day risk of PE-related complications in hemodynamically stable patients.,http://www.mdcalc.com/calc/4004
10038,Braden Score for Pressure Ulcers,Identifies patients at risk for pressure ulcers.,http://www.mdcalc.com/calc/10038
10164,Brain Metastasis Velocity (BMV) Model,Calculates rate of distant brain failure after stereotactic radiosurgery for brain metastasis.,http://www.mdcalc.com/calc/10164
10286,Brescia-COVID Respiratory Severity Scale (BCRSS)/Algorithm,"Step-wise management approach to COVID-19 patients based on clinical severity as of June 2, 2020.",http://www.mdcalc.com/calc/10286
10525,Brief Addiction Monitor (BAM),Assesses substance use related behaviors.,http://www.mdcalc.com/calc/10525
10446,Brief Alcohol Withdrawal Scale (BAWS),Assesses alcohol withdrawal symptoms.,http://www.mdcalc.com/calc/10446
4016,Brief Resolved Unexplained Events (BRUE) Criteria for Infants,Classifies unexplained events and replaces the Apparent Life Threatening Events (ALTE) classification.,http://www.mdcalc.com/calc/4016
10400,Brief Resolved Unexplained Events 2.0 (BRUE 2.0) Criteria for Infants,"Classifies unexplained events, improves on the BRUE Criteria.",http://www.mdcalc.com/calc/10400
10017,Bristol Stool Form Scale,Classifies stool (correlates with intestinal transit time).,http://www.mdcalc.com/calc/10017
4045,Brugada Criteria for Ventricular Tachycardia,Distinguishes ventricular tachycardia from supraventricular tachycardia.,http://www.mdcalc.com/calc/4045
10501,BUN Creatinine Ratio,Measures renal function.,http://www.mdcalc.com/calc/10501
3816,Burch-Wartofsky Point Scale (BWPS) for Thyrotoxicosis,Predicts likelihood that biochemical thyrotoxicosis is thyroid storm.,http://www.mdcalc.com/calc/3816
10239,Bush-Francis Catatonia Rating Scale,Assesses severity of catatonia.,http://www.mdcalc.com/calc/10239
3937,BWH Egg Freezing Counseling Tool (EFCT),Predicts likelihood of live birth for elective egg freezing in women.,http://www.mdcalc.com/calc/3937
10529,C-Peptide to Glucose Ratio,Assesses beta cell secretory function in patients with diabetes/prediabetes.,http://www.mdcalc.com/calc/10529
1729,CAGE Questions for Alcohol Use,Screens for excessive drinking and alcoholism.,http://www.mdcalc.com/calc/1729
10297,CAHP (Cardiac Arrest Hospital Prognosis) Score,Predicts poor prognosis after out-of-hospital cardiac arrest and guides utility of cardiac catheterization.,http://www.mdcalc.com/calc/10297
31,Calcium Correction for Hypoalbuminemia,Calculates a corrected calcium level for patients with hypoalbuminemia.,http://www.mdcalc.com/calc/31
4001,Cambridge Diabetes Risk Score,Predicts risk of having previously undiagnosed type 2 diabetes.,http://www.mdcalc.com/calc/4001
10544,Canadian Association of Radiologists and Osteoporosis Canada (CAROC) System,Assesses 10-year absolute fracture risk.,http://www.mdcalc.com/calc/10544
696,Canadian C-Spine Rule,Clinically clears cervical spine fracture without imaging.,http://www.mdcalc.com/calc/696
10067,Canadian Cardiovascular Society (CCS) Angina Grade,Classifies severity of angina.,http://www.mdcalc.com/calc/10067
608,Canadian CT Head Injury/Trauma Rule,Clears head injury without imaging.,http://www.mdcalc.com/calc/608
10537,Canadian Diabetes Risk Assessment Questionnaire (CANRISK),Screens for undiagnosed type 2 diabetes mellitus and prediabetes.,http://www.mdcalc.com/calc/10537
3951,Canadian Syncope Risk Score,Predicts 30-day serious adverse events in patients presenting with syncope.,http://www.mdcalc.com/calc/3951
10421,Canadian Transient Ischemic Attack (TIA) Score,Identifies risk of stroke in the next 7 days in patients who experienced symptoms of TIA.,http://www.mdcalc.com/calc/10421
10424,Cancer and Aging Research Group Chemotherapy Toxicity Tool (CARG-TT),Estimates the risk of severe chemotherapy-related side effects (Grade 3 or greater toxicity) in older cancer patients.,http://www.mdcalc.com/calc/10424
3970,Caprini Score for Venous Thromboembolism (2005),Stratifies risk of VTE in surgical patients.,http://www.mdcalc.com/calc/3970
3903,Cardiac Anesthesia Risk Evaluation Score (CARE),Predicts mortality and morbidity after cardiac surgery.,http://www.mdcalc.com/calc/3903
10095,Cardiac Output (Fick’s Formula),"Calculates cardiac output, cardiac index, and stroke volume.",http://www.mdcalc.com/calc/10095
10494,Cardiac Power Output (CPO),Calculates rate of energy output of the heart.,http://www.mdcalc.com/calc/10494
10029,CART (Cardiac Arrest Risk Triage) Score,Predicts risk of in-hospital cardiac arrest.,http://www.mdcalc.com/calc/10029
10039,CASPAR Criteria for Psoriatic Arthritis,Provides criteria for psoriatic arthritis diagnosis.,http://www.mdcalc.com/calc/10039
3954,CATCH (Canadian Assessment of Tomography for Childhood Head injury) Rule,Predicts clinically significant head injuries in children.,http://www.mdcalc.com/calc/3954
3142,CEDOCS Score for Emergency Department Overcrowding,Estimates severity of overcrowding in community emergency departments.,http://www.mdcalc.com/calc/3142
104,Centor Score (Modified/McIsaac) for Strep Pharyngitis,"Estimates probability that pharyngitis is streptococcal, and suggests management course.",http://www.mdcalc.com/calc/104
10488,Central Nervous System International Prognostic Index (CNS-IPI),Predicts relapse in the CNS in patients with diffuse large B-cell lymphoma (DLBCL).,http://www.mdcalc.com/calc/10488
3985,Cerebral Perfusion Pressure,Calculates blood flow to the brain.,http://www.mdcalc.com/calc/3985
801,CHA<sub>2</sub>DS<sub>2</sub>-VASc Score for Atrial Fibrillation Stroke Risk,"Calculates stroke risk for patients with atrial fibrillation, possibly better than the CHADS₂ Score.",http://www.mdcalc.com/calc/801
10479,CHADS-65 (Canadian Society of Cardiology Guideline),Guides antithrombotic therapy for patients with nonvalvular atrial fibrillation or atrial flutter.,http://www.mdcalc.com/calc/10479
40,CHADS<sub>2</sub> Score for Atrial Fibrillation Stroke Risk,Estimates stroke risk in patients with atrial fibrillation.,http://www.mdcalc.com/calc/40
3953,CHALICE (Children's Head injury ALgorithm for the prediction of Important Clinical Events) Rule,"Predicts death, need for neurosurgical intervention or CT abnormality in children with head trauma.",http://www.mdcalc.com/calc/3953
3917,Charlson Comorbidity Index (CCI),Predicts 10-year survival in patients with multiple comorbidities.,http://www.mdcalc.com/calc/3917
10425,Chemotherapy Risk Assessment Scale for High-Age Patients (CRASH) Score,Assesses the individual risk of severe toxicity from chemotherapy in older patients.,http://www.mdcalc.com/calc/10425
340,Child-Pugh Score for Cirrhosis Mortality,Estimates cirrhosis severity.,http://www.mdcalc.com/calc/340
3623,Children's Hospital of Eastern Ontario Pain Scale (CHEOPS) for Post-Op Pediatric Pain,Quantifies pain post-operatively in pediatric patients 1-5 years old.,http://www.mdcalc.com/calc/3623
3952,CHIP (CT in Head Injury Patients) Prediction Rule,Predicts intracranial traumatic CT findings in patients with minor head trauma.,http://www.mdcalc.com/calc/3952
10030,CholeS Score for Duration of Laparoscopic Cholecystectomy,Predicts operative time of laparoscopic cholecystectomy.,http://www.mdcalc.com/calc/10030
4009,Cincinnati Prehospital Stroke Severity Scale (CP-SSS),Predicts large vessel occlusion (LVO) and severe stroke in patients with stroke symptoms.,http://www.mdcalc.com/calc/4009
1736,CIWA-Ar for Alcohol Withdrawal,The CIWA-Ar objectifies severity of alcohol withdrawal.,http://www.mdcalc.com/calc/1736
2202,CKD Prediction in HIV+ Patients,"Determines probability of HIV patients developing CKD in the next 5 years, if they take tenofivir or not.",http://www.mdcalc.com/calc/2202
3939,CKD-EPI Equations for Glomerular Filtration Rate (GFR),"Estimates GFR based on serum creatinine, serum cystatin C, or both.",http://www.mdcalc.com/calc/3939
10240,CLIF-C ACLF (Acute-on-Chronic Liver Failure),Predicts mortality in acute-on-chronic liver failure.,http://www.mdcalc.com/calc/10240
10160,Clinical Dementia Rating (CDR) Scale,"Stages dementia, including Alzheimer's, in elderly patients.",http://www.mdcalc.com/calc/10160
2177,Clinical Disease Activity Index (CDAI) for Rheumatoid Arthritis,Determines severity of rheumatoid arthritis using only clinical data.,http://www.mdcalc.com/calc/2177
3997,Clinical Index of Stable Febrile Neutropenia (CISNE),Identifies febrile neutropenia patients at low risk of serious complications.,http://www.mdcalc.com/calc/3997
3278,Clinical Pulmonary Infection Score (CPIS) for Ventilator-Associated Pneumonia (VAP),Assists in diagnosing ventilator-associated pneumonia by predicting benefit of pulmonary cultures.,http://www.mdcalc.com/calc/3278
10061,Color Vision Screening (Ishihara Test),Assess for red-green color blindness.,http://www.mdcalc.com/calc/10061
10169,Columbia Suicide Severity Rating Scale (C-SSRS Screener),Screens for suicidal ideation and behavior.,http://www.mdcalc.com/calc/10169
10547,Common Terminology Criteria for Adverse Events (CTCAE) ,Describes the severity of adverse hematologic and lymphatic events from cancer treatment.,http://www.mdcalc.com/calc/10547
1870,Confusion Assessment Method for the ICU (CAM-ICU),Establishes ability to detect delirium in high risk settings.,http://www.mdcalc.com/calc/1870
10161,COPD Assessment Test (CAT),Quantifies impact of COPD symptoms on patients' overall health.,http://www.mdcalc.com/calc/10161
10172,Cornell Assessment of Pediatric Delirium (CAPD),Screens for pediatric delirium.,http://www.mdcalc.com/calc/10172
10306,Coronavirus Anxiety Scale (CAS),Assesses dysfunctional anxiety associated with the COVID-19 crisis.,http://www.mdcalc.com/calc/10306
4034,Corrected Count Increment (CCI) for Platelet Transfusion,Assesses adequacy of response to platelet transfusion.,http://www.mdcalc.com/calc/4034
48,Corrected QT Interval (QTc),"Corrects the QT interval for heart rate extremes (choose from Bazett, Fridericia, Framingham, Hodges, or Rautaharju formulas).",http://www.mdcalc.com/calc/48
10354,COVID Home Safely Now (CHOSEN) Risk Score for COVID-19,Predicts suitability for discharge in COVID-19 patients.,http://www.mdcalc.com/calc/10354
10371,COVID-19 Inpatient Risk Calculator (CIRC),Predicts likelihood of inpatient mortality or severe disease progression in COVID patients.,http://www.mdcalc.com/calc/10371
10303,COVID-GRAM Critical Illness Risk Score,Predicts risk of critical illness in hospitalized COVID-19 patients.,http://www.mdcalc.com/calc/10303
1985,COWS Score for Opiate Withdrawal,Quantifies severity of opiate withdrawal.,http://www.mdcalc.com/calc/1985
43,Creatinine Clearance (Cockcroft-Gault Equation),Calculates CrCl according to the Cockcroft-Gault equation.,http://www.mdcalc.com/calc/43
2144,Critical Care Pain Observation Tool (CPOT),Rates critically ill patients&rsquo; pain based on clinical observation.,http://www.mdcalc.com/calc/2144
3318,Crohn's Disease Activity Index (CDAI),Determines the current severity of Crohn's disease.,http://www.mdcalc.com/calc/3318
1784,CRUSADE Score for Post-MI Bleeding Risk,Stratifies bleeding risk after NSTEMI.,http://www.mdcalc.com/calc/1784
10005,Cryoprecipitate Dosing for Fibrinogen Replacement,Estimates volume of cryoprecipitate recommended for fibrinogen replacement.,http://www.mdcalc.com/calc/10005
10300,CSHA Clinical Frailty Scale (CFS),Measures frailty to predict survival.,http://www.mdcalc.com/calc/10300
10088,Cumulative Illness Rating Scale-Geriatric (CIRS-G),Quantifies burden of disease in elderly patients (comorbidity scale).,http://www.mdcalc.com/calc/10088
324,CURB-65 Score for Pneumonia Severity,Estimates mortality of community-acquired pneumonia to help determine inpatient vs. outpatient treatment.,http://www.mdcalc.com/calc/324
10428,Current Opioid Misuse Measure (COMM),Identifies potential medication misuse in patients who are on long-term opioid therapy.,http://www.mdcalc.com/calc/10428
10041,Cytokine Release Syndrome (CRS) Grading,Assesses severity of CRS in patients on immunotherapy.,http://www.mdcalc.com/calc/10041
2049,D'Amico Risk Classification for Prostate Cancer,Assesses 5 year risk of treatment failure based on clinical factors.,http://www.mdcalc.com/calc/2049
10098,Danger Assessment Tool for Domestic Abuse,Predicts risk of death by an intimate partner (IP) in a violent intimate relationship.,http://www.mdcalc.com/calc/10098
2011,DASH Prediction Score for Recurrent VTE,Predicts likelihood of recurrence of first VTE.,http://www.mdcalc.com/calc/2011
4018,DECAF Score for Acute Exacerbation of COPD,Predicts in-hospital mortality in acute COPD exacerbation.,http://www.mdcalc.com/calc/4018
10046,Denver HIV Risk Score,Predicts probability of undiagnosed HIV infection.,http://www.mdcalc.com/calc/10046
10523,Diabetes Distress Scale (DDS17),Evaluates diabetes-related emotional distress.,http://www.mdcalc.com/calc/10523
4003,Diabetic Ketoacidosis Mortality Prediction Model (DKA MPM) Score,Predicts in-hospital mortality in DKA.,http://www.mdcalc.com/calc/4003
4036,DigiFab (Digibind) Dosing for Digoxin Poisoning,Doses DigiFab in patients with confirmed digoxin poisoning or overdose.,http://www.mdcalc.com/calc/4036
10066,DIPSS (Dynamic International Prognostic Scoring System) for Myelofibrosis,Estimates survival in patients with primary myelofibrosis.,http://www.mdcalc.com/calc/10066
10035,DIRE Score for Opioid Treatment,Predicts compliance with opioid treatment for chronic noncancer pain.,http://www.mdcalc.com/calc/10035
2193,Disease Activity Score-28 for Rheumatoid Arthritis with CRP (DAS28-CRP),"Describes severity of rheumatoid arthritis using clinical and laboratory data, specifically CRP.",http://www.mdcalc.com/calc/2193
2176,Disease Activity Score-28 for Rheumatoid Arthritis with ESR (DAS28-ESR),"Describes severity of rheumatoid arthritis using clinical and laboratory data, specifically ESR.",http://www.mdcalc.com/calc/2176
2199,Disease Steps for Multiple Sclerosis,Evaluates MS disease progression based on patient&rsquo;s ambulatory ability.,http://www.mdcalc.com/calc/2199
10012,Donor Lymphocyte Infusion (DLI) Volume,Estimates volume of whole blood to process by apheresis to yield an appropriate DLI dosage.,http://www.mdcalc.com/calc/10012
1892,DRAGON Score for Post-TPA Stroke Outcome,Predicts 3 month outcome in ischemic stroke patients receiving TPA.,http://www.mdcalc.com/calc/1892
10526,Drug Abuse Screening Test-10 (DAST-10),Assesses illicit drug use in the past year.,http://www.mdcalc.com/calc/10526
4050,Drug Resistance in Pneumonia (DRIP) Score,Predicts risk for community-acquired pneumonia due to drug-resistant pathogens.,http://www.mdcalc.com/calc/4050
10153,DSM-5 Criteria for Binge Eating Disorder,Diagnostic criteria for binge eating disorder (BED).,http://www.mdcalc.com/calc/10153
10196,DSM-5 Criteria for Bipolar Disorder,Diagnostic criteria for bipolar disorder (BPD).,http://www.mdcalc.com/calc/10196
10195,DSM-5 Criteria for Major Depressive Disorder,Diagnostic criteria for major depressive disorder (MDD).,http://www.mdcalc.com/calc/10195
10211,DSM-5 Criteria for Posttraumatic Stress Disorder,Diagnostic criteria for posttraumatic stress disorder (PTSD).,http://www.mdcalc.com/calc/10211
2156,du Bois Score for Idiopathic Pulmonary Fibrosis (IPF) Mortality,Determines 1-year mortality in IPF patients using PFT and clinical indicators.,http://www.mdcalc.com/calc/2156
10016,Dual Antiplatelet Therapy (DAPT) Score,Predicts which patients will benefit from prolonged DAPT after coronary stent placement.,http://www.mdcalc.com/calc/10016
3910,Duke Activity Status Index (DASI),Estimates functional capacity.,http://www.mdcalc.com/calc/3910
1731,Duke Criteria for Infective Endocarditis,Diagnostic criteria for endocarditis.,http://www.mdcalc.com/calc/1731
3991,Duke Treadmill Score,Diagnoses and prognoses suspected CAD based on the treadmill exercise test.,http://www.mdcalc.com/calc/3991
3818,Dutch Criteria for Familial Hypercholesterolemia (FH),"Diagnoses familial hypercholesterolemia (FH) based on clinical, genetic and family history.",http://www.mdcalc.com/calc/3818
10040,Duval/CIBMTR Score for Acute Myelogenous Leukemia (AML) Survival,Predicts overall survival in AML patients with relapsed/refractory disease undergoing myeloablative transplant.,http://www.mdcalc.com/calc/10040
3170,Eastern Cooperative Oncology Group (ECOG) Performance Status,"Determines ability of patient to tolerate therapies in serious illness, specifically for chemotherapy, simpler than the Karnofsky Scale.",http://www.mdcalc.com/calc/3170
10500,"Eat, Sleep, Console (ESC)",Assists with management of infants with neonatal abstinence syndrome (NAS).,http://www.mdcalc.com/calc/10500
10427,Eczema Area and Severity Index (EASI),Stratifies severity of eczema.,http://www.mdcalc.com/calc/10427
10171,ED-SAFE Patient Safety Screener 3 (PSS-3),Screens for suicidality in emergency patients.,http://www.mdcalc.com/calc/10171
10466,Edinburgh Postnatal Depression Scale (EPDS),Screens for depression in the postnatal period.,http://www.mdcalc.com/calc/10466
10536,Edmonton Obesity Staging System (EOSS),Stratifies the presence and severity of obesity-related health impairments.,http://www.mdcalc.com/calc/10536
10429,Edmonton Symptom Assessment System-revised (ESAS-r),Assesses symptoms of patients receiving palliative care.,http://www.mdcalc.com/calc/10429
3948,EGSYS (Evaluation of Guidelines in SYncope Study) Score for Syncope,Predicts likelihood that syncope is from cardiac cause.,http://www.mdcalc.com/calc/3948
10149,El-Ganzouri Risk Index (EGRI) for Difficult Airway,Predicts risk of difficult airway.,http://www.mdcalc.com/calc/10149
10007,Embolic Stroke of Undetermined Source (ESUS) Criteria,Diagnoses embolic stroke of undetermined source.,http://www.mdcalc.com/calc/10007
1858,Emergency Department Assessment of Chest Pain Score (EDACS),Identifies chest pain patients with low risk of major adverse cardiac event.,http://www.mdcalc.com/calc/1858
10484,Emergency Department-Initiated Buprenorphine for Opioid Use Disorder (EMBED),"Assess OUD, opioid withdrawal, and treatment readiness for ED-initiated buprenorphine.",http://www.mdcalc.com/calc/10484
1755,Emergency Heart Failure Mortality Risk Grade (EHMRG),Estimates 7-day mortality of emergency CHF patients.,http://www.mdcalc.com/calc/1755
3928,Endotracheal Tube (ETT) Depth and Tidal Volume Calculator,Estimates depth of optimal ETT placement and target tidal volume by height.,http://www.mdcalc.com/calc/3928
1299,Estimated Average Glucose (eAG) From HbA1C,Estimates an average glucose level from Hemoglobin A1C value.,http://www.mdcalc.com/calc/1299
3813,Estimated Ethanol (and Toxic Alcohol) Serum Concentration Based on Ingestion,Predicts ethanol concentration based on ingestion of alcohol.,http://www.mdcalc.com/calc/3813
790,Estimated/Expected Peak Expiratory Flow (Peak Flow),Quantifies asthma exacerbation severity.,http://www.mdcalc.com/calc/790
10477,EUROMACS-RHF Score,Determines risk of right ventricular HF in patients after LVAD implantation.,http://www.mdcalc.com/calc/10477
10179,European System for Cardiac Operative Risk Evaluation (EuroSCORE) II,Predicts risk of in-hospital mortality after major cardiac surgery.,http://www.mdcalc.com/calc/10179
3906,EUTOS Score for Chronic Myelogenous Leukemia (CML),"Predicts outcomes after CML treatments, specifically adjusted for tyrosine kinase treatments.",http://www.mdcalc.com/calc/3906
10175,EVendo Score for Esophageal Varices,Predicts presence and size of esophageal varices before screening endoscopy.,http://www.mdcalc.com/calc/10175
2146,Expanded Disability Status Scale (EDSS) / Functional Systems Score (FSS),Describes severity of disability in patients with MS.,http://www.mdcalc.com/calc/2146
10001,Fatty Liver Index,Diagnoses fatty liver using labs and exam findings.,http://www.mdcalc.com/calc/10001
4024,Fetal Biophysical Profile (BPP) Score,Predicts need for urgent delivery based on sonographic and nonstress testing.,http://www.mdcalc.com/calc/4024
3316,FeverPAIN Score for Strep Pharyngitis,Predicts likelihood of strep throat.,http://www.mdcalc.com/calc/3316
2200,Fibrosis-4 (FIB-4) Index for Liver Fibrosis,"Noninvasive estimate of liver scarring in HCV and HBV patients, to assess need for biopsy.",http://www.mdcalc.com/calc/2200
10508,Fibrotic NASH Index (FNI),Screens for fibrotic NASH in individuals at high risk for NAFLD.,http://www.mdcalc.com/calc/10508
10108,FIGO Staging for Ovarian Cancer (2014),"Stages cancer of the ovary, fallopian tube, and peritoneum.",http://www.mdcalc.com/calc/10108
4000,FINDRISC (Finnish Diabetes Risk Score),Identifies patients at high risk for type 2 diabetes.,http://www.mdcalc.com/calc/4000
3836,Fisher Grading Scale for Subarachnoid Hemorrhage (SAH),Rates risk of vasospasm in aSAH based on amount and distribution of blood on CT.,http://www.mdcalc.com/calc/3836
10062,Fleischner Society Guidelines for Incidental Pulmonary Nodules,Provides guidelines for management of solid and subsolid pulmonary nodules.,http://www.mdcalc.com/calc/10062
4037,Focused Assessment with Sonography for Trauma (FAST),Predicts presence of pericardial or intra-abdominal injury after penetrating or blunt trauma.,http://www.mdcalc.com/calc/4037
2320,Follicular Lymphoma International Prognostic Index (FLIPI),Estimates overall survival based on clinical information.,http://www.mdcalc.com/calc/2320
4051,Fomepizole Dosing,Doses fomepizole for methanol and ethylene glycol reversal.,http://www.mdcalc.com/calc/4051
3925,Fong Clinical Risk Score for Colorectal Cancer Recurrence,Predicts recurrence for colorectal cancer patients with liver metastasis after hepatic resection.,http://www.mdcalc.com/calc/3925
10348,For Patients: VACO Index COVID-19 Mortality Risk,For use by non-clinicians. Calculate your or a loved one's risk of dying within 30 days of contracting COVID-19. See risk visualization in results for more info.,http://www.mdcalc.com/calc/10348
3923,Forrest Classification of Upper GI Bleeding,Stratifies severity of upper GI bleeding according to endoscopic findings.,http://www.mdcalc.com/calc/3923
10028,FOUR (Full Outline of UnResponsiveness) Score,Grades coma severity; may be more accurate than the Glasgow Coma Scale.,http://www.mdcalc.com/calc/10028
60,Fractional Excretion of Sodium (FENa),Determines if renal failure is due to pre-renal or intrinsic pathology.,http://www.mdcalc.com/calc/60
62,Fractional Excretion of Urea (FEUrea),"Determines the cause of renal failure. Similar to the FENa, but can be used on patients on diuretics.",http://www.mdcalc.com/calc/62
10540,FRACTURE Index,Predicts fracture risk in postmenopausal women.,http://www.mdcalc.com/calc/10540
3800,Framingham Heart Failure Diagnostic Criteria,Diagnoses heart failure based on major and minor criteria.,http://www.mdcalc.com/calc/3800
38,Framingham Risk Score for Hard Coronary Heart Disease,Estimates 10-year risk of heart attack.,http://www.mdcalc.com/calc/38
113,Free Water Deficit in Hypernatremia,Calculates free water deficit by estimated total body water.,http://www.mdcalc.com/calc/113
3012,Fuhrman Nuclear Grade for Clear Cell Renal Carcinoma,Provides prognostic grading system for tumor cells based on physical cellular appearance.,http://www.mdcalc.com/calc/3012
3883,Functional Outcome in Patients With Primary Intracerebral Hemorrhage (FUNC) Score,Identifies patients with ICH who will attain functional independence and assists in clinical decision-making.,http://www.mdcalc.com/calc/3883
10426,G8 Geriatric Screening Tool,Identifies elderly cancer patients who could benefit from comprehensive geriatric assessment (CGA).,http://www.mdcalc.com/calc/10426
1727,GAD-7 (General Anxiety Disorder-7),Measures severity of anxiety.,http://www.mdcalc.com/calc/1727
3647,Gail Model for Breast Cancer Risk,Estimates risk for breast cancer based on demographic and clinical data.,http://www.mdcalc.com/calc/3647
10094,GALAD Model for Hepatocellular Carcinoma (HCC),Diagnoses HCC based on serum biomarkers in patients with chronic liver disease (CLD).,http://www.mdcalc.com/calc/10094
10139,Ganzoni Equation for Iron Deficiency Anemia,Calculates iron deficit for dosing iron.,http://www.mdcalc.com/calc/10139
2157,GAP Index for Idiopathic Pulmonary Fibrosis (IPF) Mortality,"Provides 1, 2, and 3-year mortality estimates for IPF patients.",http://www.mdcalc.com/calc/2157
10504,GARFIELD-AF,"Predicts mortality, stroke, and bleeding in patients w/ and w/out anticoagulation.",http://www.mdcalc.com/calc/10504
10140,GCS-Pupils Score,Combines GCS and pupil reactivity for greater accuracy at low GCS.,http://www.mdcalc.com/calc/10140
10073,Geneva Risk Score for Venous Thromboembolism (VTE) Prophylaxis,Predicts need for VTE prophylaxis in admitted patients.,http://www.mdcalc.com/calc/10073
1750,Geneva Score (Revised) for Pulmonary Embolism,"Objectifies risk of PE, like Wells' score.",http://www.mdcalc.com/calc/1750
680,Glasgow Alcoholic Hepatitis Score,Predicts mortality in patients with alcoholic hepatitis by lab results and age.,http://www.mdcalc.com/calc/680
64,Glasgow Coma Scale/Score (GCS),"Coma severity based on Eye (4), Verbal (5), and Motor (6) criteria.",http://www.mdcalc.com/calc/64
3311,Glasgow Prognostic Score (GPS) for Cancer Outcomes,Provides cancer prognosis based on serum biomarkers.,http://www.mdcalc.com/calc/3311
518,Glasgow-Blatchford Bleeding Score (GBS),"Stratifies upper GI bleeding patients who are ""low-risk"" and candidates for outpatient management.",http://www.mdcalc.com/calc/518
3287,Glasgow-Imrie Criteria for Severity of Acute Pancreatitis,Determines severity of pancreatitis based on 8 laboratory values.,http://www.mdcalc.com/calc/3287
2048,Gleason Score for Prostate Cancer,Prognoses prostate cancer based on microscopic tumor appearance.,http://www.mdcalc.com/calc/2048
3919,Global Initiative for Obstructive Lung Disease (GOLD) Criteria for COPD,Assesses different stages of COPD and provides treatment recommendations.,http://www.mdcalc.com/calc/3919
10538,Glucose Infusion Rate (GIR),Quantifies the rate at which glucose is administered intravenously.,http://www.mdcalc.com/calc/10538
10033,GO-FAR (Good Outcome Following Attempted Resuscitation) Score,Predicts survival to discharge with good outcome after in-hospital cardiac arrest.,http://www.mdcalc.com/calc/10033
1099,GRACE ACS Risk and Mortality Calculator,Estimates admission to 6 month mortality for patients with acute coronary syndrome.,http://www.mdcalc.com/calc/1099
10393,Graded Prognostic Assessment for Gastrointestinal Cancer (GI-GPA),Estimates survival in patients with gastrointestinal cancers and brain metastases.,http://www.mdcalc.com/calc/10393
2321,Groupe d'Etude des Lymphomes Folliculaires (GELF) Criteria,Determines if immediate therapy for follicular lymphoma is required.,http://www.mdcalc.com/calc/2321
4038,Gupta Perioperative Risk for Myocardial Infarction or Cardiac Arrest (MICA),Predicts risk of MI or cardiac arrest after surgery.,http://www.mdcalc.com/calc/4038
10199,Gupta Postoperative Pneumonia Risk,Predicts risk of pneumonia after surgery.,http://www.mdcalc.com/calc/10199
10193,Gupta Postoperative Respiratory Failure Risk,Predicts risk of mechanical ventilation for longer than 48 hrs postop or reintubation within 30 days.,http://www.mdcalc.com/calc/10193
3829,GWTG-Heart Failure Risk Score,Predicts in-hospital all-cause heart failure mortality.,http://www.mdcalc.com/calc/3829
10105,H2FPEF Score for Heart Failure with Preserved Ejection Fraction,Estimates probability of underlying heart failure in patients with preserved ejection fraction on echo.,http://www.mdcalc.com/calc/10105
10415,Hack’s Impairment Index (HII),Provides a quantitative and standardized assessment of the degree of alcohol-induced impairment in emergency department patients.,http://www.mdcalc.com/calc/10415
10460,HACOR Score,Predicts failure of noninvasive ventilation (NIV) in hypoxemic patients.,http://www.mdcalc.com/calc/10460
1843,Hamilton Anxiety Scale,Rates level of anxiety based on clinical questions.,http://www.mdcalc.com/calc/1843
10043,Hamilton Depression Rating Scale (HAM-D),"Stratifies severity of depression, similar to PHQ-9.",http://www.mdcalc.com/calc/10043
3286,Harmless Acute Pancreatitis Score (HAPS),Identifies patients who do not require intensive care for their first episode of acute pancreatitis.,http://www.mdcalc.com/calc/3286
10069,Harvey-Bradshaw Index (HBI) for Crohn's Disease,Stratifies severity of Crohn's disease.,http://www.mdcalc.com/calc/10069
807,HAS-BLED Score for Major Bleeding Risk,Estimates risk of major bleeding for patients on anticoagulation to assess risk-benefit in atrial fibrillation care.,http://www.mdcalc.com/calc/807
2030,HAT (Hemorrhage After Thrombolysis) Score for Predicting Post-tPA Hemorrhage,Assesses hemorrhage risk after tPA.,http://www.mdcalc.com/calc/2030
10481,HCM Risk-SCD,Estimates risk of sudden cardiac death in patients with hypertrophic cardiomyopathy.,http://www.mdcalc.com/calc/10481
10463,HEADS-ED,Screens for pediatric mental health needs.,http://www.mdcalc.com/calc/10463
3975,HEART Pathway for Early Discharge in Acute Chest Pain,Identifies emergency department patients with acute chest pain for early discharge.,http://www.mdcalc.com/calc/3975
1752,HEART Score for Major Cardiac Events,Predicts 6-week risk of major adverse cardiac event.,http://www.mdcalc.com/calc/1752
3980,Hematopoietic Cell Transplantation-specific Comorbidity Index (HCT-CI),"Predicts survival after HCT in patients with hematologic malignancies, including optional age adjustment.",http://www.mdcalc.com/calc/3980
1785,HEMORR<sub>2</sub>HAGES Score for Major Bleeding Risk,Quantifies risk of hemorrhage in elderly patients with AFib.,http://www.mdcalc.com/calc/1785
674,Hepatic Encephalopathy Grades/Stages,West Haven Criteria. Defines criteria for the stages of hepatic encephalopathy.,http://www.mdcalc.com/calc/674
4005,HERDOO2 Rule for Discontinuing Anticoagulation in Unprovoked VTE,Identifies low-risk women who can safely discontinue VTE treatment.,http://www.mdcalc.com/calc/4005
3918,Hestia Criteria for Outpatient Pulmonary Embolism Treatment,Identifies low-risk PE patients safe for outpatient treatment.,http://www.mdcalc.com/calc/3918
4026,High-dose Insulin Euglycemia Therapy (HIET),Doses insulin for calcium-channel blocker or beta blocker overdose.,http://www.mdcalc.com/calc/4026
10184,HINTS for Stroke in Acute Vestibular Syndrome,Identifies potential stroke in patients with acute vestibular syndrome (AVS).,http://www.mdcalc.com/calc/10184
10165,History and Electrocardiogram-only Manchester Acute Coronary Syndromes (HE-MACS),Stratifies ACS risk with history and EKG only (not yet externally validated).,http://www.mdcalc.com/calc/10165
1789,HIT Expert Probability (HEP) Score for Heparin-Induced Thrombocytopenia,Pre-test clinical scoring model for HIT based on broad expert opinion.,http://www.mdcalc.com/calc/1789
10518,HIV Incidence Risk Index for MSM (HIRI-MSM),Identifies MSM at risk of HIV infection.,http://www.mdcalc.com/calc/10518
780,HIV Needle Stick Risk Assessment Stratification Protocol (RASP),Quantifies HIV exposure risk by source and exposure type and need for prophylaxis.,http://www.mdcalc.com/calc/780
10511,Ho Index,Predicts outcome of medical therapy in severe ulcerative colitis.,http://www.mdcalc.com/calc/10511
3120,HOMA-IR (Homeostatic Model Assessment for Insulin Resistance),Approximates insulin resistance.,http://www.mdcalc.com/calc/3120
4062,Horowitz Index for Lung Function (P/F Ratio),"Assesses lung function, particularly in intubated patients.",http://www.mdcalc.com/calc/4062
10051,HOSPITAL Score for Readmissions,Predicts 30-day potentially avoidable hospital readmissions.,http://www.mdcalc.com/calc/10051
10167,Hour-Specific Risk for Neonatal Hyperbilirubinemia,Predicts risk of hyperbilirubinemia in neonates.,http://www.mdcalc.com/calc/10167
10089,HScore for Reactive Hemophagocytic Syndrome,Diagnoses reactive hemophagocytic syndrome.,http://www.mdcalc.com/calc/10089
10420,"Humiliation, Afraid, Rape, Kick (HARK)",Detects domestic abuse (intimate partner violence) in women in primary care settings.,http://www.mdcalc.com/calc/10420
404,Hunt & Hess Classification of Subarachnoid Hemorrhage,Classifies severity of subarachnoid hemorrhage to predict mortality.,http://www.mdcalc.com/calc/404
10417,"Hurt, Insult, Threaten, Scream (HITS) Score",Detects domestic abuse (intimate partner violence) in women and men in healthcare settings.,http://www.mdcalc.com/calc/10417
10080,Hydroxychloroquine (Plaquenil) Dosing Calculator,Calculates maximum daily dose of hydroxychloroquine to reduce of retinopathy.,http://www.mdcalc.com/calc/10080
4031,Hypoglycemia Risk Score,Predicts 12-month risk of hypoglycemic episodes in T2DM patients.,http://www.mdcalc.com/calc/4031
10482,Hypothermia Outcome Prediction after ECLS (HOPE) Score,Predicts survival following rewarming of hypothermic cardiac arrest patients.,http://www.mdcalc.com/calc/10482
68,Ideal Body Weight and Adjusted Body Weight,Calculates ideal body weight (Devine formula) and adjusted body weight.,http://www.mdcalc.com/calc/68
3008,IMDC (International Metastatic RCC Database Consortium) Risk Model for Metastatic Renal Cell Carcinoma,Predicts survival in patients with metastatic renal cell carcinoma treated with systemic therapy (also known as Heng criteria).,http://www.mdcalc.com/calc/3008
10377,Immune-Related Adverse Events for Endocrine Toxicities - Diabetes Mellitus,Grades severity of hyperglycemia secondary to immune checkpoint inhibitor therapy.,http://www.mdcalc.com/calc/10377
10382,Immune-Related Adverse Events for Endocrine Toxicities - Hypothyroidism,Grades severity of hypothyroidism secondary to immune checkpoint inhibitor therapy.,http://www.mdcalc.com/calc/10382
10245,Immune-Related Adverse Events for GI Toxicity - Colitis,Grades severity of colitis secondary to immune checkpoint inhibitor therapy.,http://www.mdcalc.com/calc/10245
10389,Immune-Related Adverse Events for GI Toxicity - Hepatitis,Grades severity of hepatitis secondary to immune checkpoint inhibitor therapy.,http://www.mdcalc.com/calc/10389
10383,Immune-Related Adverse Events for Lung Toxicity - Pneumonitis,Grades severity of pneumonitis secondary to immune checkpoint inhibitor therapy.,http://www.mdcalc.com/calc/10383
10378,Immune-Related Adverse Events for Renal Toxicities - Nephritis,Grades severity of nephritis secondary to immune checkpoint inhibitor therapy.,http://www.mdcalc.com/calc/10378
3401,Immunization Schedule Calculator,Determines what immunizations/vaccinations are due based on a patient's age.,http://www.mdcalc.com/calc/3401
10014,IMPACT Score for Outcomes in Head Injury,Predicts 6-month mortality and unfavorable outcomes after moderate to severe traumatic brain injury (TBI).,http://www.mdcalc.com/calc/10014
10498,IMPEDE-VTE,Predicts risk of venous thromboembolism in multiple myeloma.,http://www.mdcalc.com/calc/10498
10465,IMPROVE Bleeding Risk Score,Evaluates bleeding risk at hospital admission.,http://www.mdcalc.com/calc/10465
3920,IMPROVE RAM (International Medical Prevention Registry on Venous Thromboembolism Risk Assessment Model),Estimates risk of VTE.,http://www.mdcalc.com/calc/3920
10349,IMPROVE Risk Score for Venous Thromboembolism (VTE),Predicts 3-month risk of VTE in hospitalized patients.,http://www.mdcalc.com/calc/10349
10350,IMPROVEDD Risk Score for Venous Thromboembolism (VTE),"Predicts risk of VTE in hospitalized patients, adding D-dimer to IMPROVE Risk Score.",http://www.mdcalc.com/calc/10350
10497,Index of Severity for Eosinophilic Esophagitis (I-SEE),Classifies severity of eosinophilic esophagitis (EoE).,http://www.mdcalc.com/calc/10497
10100,Indian Takayasu Clinical Activity Score (ITAS2010),Differentiates between active and inactive disease in Takayasu arteritis (TA).,http://www.mdcalc.com/calc/10100
10444,Indications for Paxlovid,Assists in determining if Paxlovid (ritonovir-boosted nirmatrelvir) is appropriate therapy in a COVID positive adult patient.,http://www.mdcalc.com/calc/10444
3121,Infective Endocarditis (IE) Mortality Risk Score,Predicts mortality at 6 months in patients with infective endocarditis.,http://www.mdcalc.com/calc/3121
1239,Injury Severity Score (ISS),Standardizes severity of traumatic injury based on worst injury of 6 body systems.,http://www.mdcalc.com/calc/1239
10225,INTERCHEST Clinical Prediction Rule for Chest Pain in Primary Care,Rules out coronary artery disease (CAD) in primary care patients with chest pain.,http://www.mdcalc.com/calc/10225
10522,International Diabetes Federation-Diabetes and Ramadan Alliance (IDF-DAR) Fasting Risk Assessment,Stratifies fasting risk during Ramadan in diabetic patients.,http://www.mdcalc.com/calc/10522
10533,International IgA Nephropathy Prediction Tool,Predicts risk of 50% decline in eGFR or end-stage kidney disease in patients with IgA nephropathy.,http://www.mdcalc.com/calc/10533
10517,International Ovarian Tumor Analysis (IOTA) Simple Rules Risk Assessment,Predicts risk of malignancy in adnexal masses using ultrasound features.,http://www.mdcalc.com/calc/10517
4054,International Prognostic Index for Chronic Lymphocytic Leukemia (CLL-IPI),Stratifies patients with chronic lymphocytic leukemia into four risk categories.,http://www.mdcalc.com/calc/4054
3936,International Prognostic Index for Diffuse Large B-cell Lymphoma (IPI and R-IPI),Predicts overall and progression-free survival in DLBCL based on risk factors.,http://www.mdcalc.com/calc/3936
10154,International Working Group (IWG) 2 Criteria for Alzheimer's Disease Diagnosis,"Diagnoses Alzheimer's disease (AD), newer than NINCDS-ADRDA Criteria.",http://www.mdcalc.com/calc/10154
402,Intracerebral Hemorrhage (ICH) Score,Based on age and CT findings; estimates mortality.,http://www.mdcalc.com/calc/402
4025,Intraoperative Fluid Dosing in Adult Patients,Doses IV fluids intraoperatively.,http://www.mdcalc.com/calc/4025
10004,Intrauterine RBC Transfusion Dosage,Estimates volume of donor RBCs needed for intrauterine transfusion (IUT).,http://www.mdcalc.com/calc/10004
10203,ISTH Criteria for Disseminated Intravascular Coagulation (DIC),Diagnoses overt disseminated intravascular coagulation (DIC).,http://www.mdcalc.com/calc/10203
10290,IV Drip Rate Calculator,Calculates IV infusion rate using drip counting when IV pumps are unavailable.,http://www.mdcalc.com/calc/10290
4027,Jones Criteria for Acute Rheumatic Fever Diagnosis,Diagnoses acute rheumatic fever based on major and minor criteria.,http://www.mdcalc.com/calc/4027
3168,Karnofsky Performance Status Scale,Determines ability of patient to tolerate chemotherapy.,http://www.mdcalc.com/calc/3168
3819,Kawasaki Disease Diagnostic Criteria,Diagnoses Kawasaki Disease.,http://www.mdcalc.com/calc/3819
3315,Khorana Risk Score for Venous Thromboembolism in Cancer Patients,Predicts risk of VTE for cancer patients depending on type of cancer and other factors.,http://www.mdcalc.com/calc/3315
10045,Kidney Failure Risk Calculator,Predicts progression to kidney failure in patients with chronic kidney disease (CKD).,http://www.mdcalc.com/calc/10045
3990,Killip Classification for Heart Failure,Quantifies severity of heart failure in ACS and predicts 30-day mortality.,http://www.mdcalc.com/calc/3990
10191,Kinetic Estimated Glomerular Filtration Rate (keGFR),Estimates GFR in patients with acutely changing creatinine.,http://www.mdcalc.com/calc/10191
532,King's College Criteria for Acetaminophen Toxicity,Recommends who should be immediately referred for liver transplant.,http://www.mdcalc.com/calc/532
1817,Kocher Criteria for Septic Arthritis,Distinguishes septic arthritis from transient synovitis in a child with an inflamed hip.,http://www.mdcalc.com/calc/1817
2141,Kruis Score for Diagnosis of Irritable Bowel Syndrome (IBS),Determines presence of IBS using clinically significant weighted criteria.,http://www.mdcalc.com/calc/2141
3904,Kt/V for Dialysis Adequacy,Quantifies both hemodialysis and peritoneal dialysis treatment adequacy.,http://www.mdcalc.com/calc/3904
3805,LACE Index for Readmission,Predicts 30-day readmission or death in patients on medicine and surgery wards.,http://www.mdcalc.com/calc/3805
3176,Lansky Play-Performance Scale for Pediatric Functional Status,Uses parent description of child&rsquo;s activity to assess ability and response to treatment.,http://www.mdcalc.com/calc/3176
70,LDL Calculated,Calculates LDL based on total and HDL cholesterol and triglycerides.,http://www.mdcalc.com/calc/70
10023,Leiden Clinical Prediction Rule for Undifferentiated Arthritis,Diagnoses rheumatoid arthritis in patients with recent-onset undifferentiated arthritis.,http://www.mdcalc.com/calc/10023
4010,LENT Prognostic Score for Malignant Pleural Effusion,Predicts survival in patients with malignant pleural effusion.,http://www.mdcalc.com/calc/4010
10063,Licurse Score for Renal Ultrasound,Predicts probability of hydronephrosis on renal ultrasonography (RUS) requiring urologic intervention in adult patients with acute kidney injury.,http://www.mdcalc.com/calc/10063
797,Light's Criteria for Exudative Effusions,Provides Light's Criteria to help determine if pleural fluid is exudative.,http://www.mdcalc.com/calc/797
2024,Lille Model for Alcoholic Hepatitis,Predicts mortality in patients with Alcoholic Hepatitis not responding to steroid therapy.,http://www.mdcalc.com/calc/2024
10052,Liver Decompensation Risk after Hepatectomy for Hepatocellular Carcinoma (HCC),Predicts risk of liver decompensation after hepatectomy for hepatocellular carcinoma (HCC).,http://www.mdcalc.com/calc/10052
10205,Local Anesthetic Dosing Calculator,Doses local anesthetics to help avoid toxic doses.,http://www.mdcalc.com/calc/10205
4061,Los Angeles (LA) Grading of Esophagitis,"Stratifies severity of esophagitis based on endoscopic findings, recommended by ACG guidelines.",http://www.mdcalc.com/calc/4061
3959,Los Angeles Motor Scale (LAMS),Stratifies stroke severity in the field.,http://www.mdcalc.com/calc/3959
1734,LRINEC Score for Necrotizing Soft Tissue Infection,Screens for necrotizing soft tissue infections.,http://www.mdcalc.com/calc/1734
10281,Lung Injury Prediction Score (LIPS),Identifies patients at high risk for developing acute lung injury (ALI).,http://www.mdcalc.com/calc/10281
10476,MACOCHA Score,Predicts difficult intubation in ICU patients.,http://www.mdcalc.com/calc/10476
56,Maddrey's Discriminant Function for Alcoholic Hepatitis,Suggests which patients with alcoholic hepatitis may have a poor prognosis and benefit from steroid administration.,http://www.mdcalc.com/calc/56
3803,MAGGIC Risk Calculator for Heart Failure,Estimates 1- and 3- year mortality in heart failure.,http://www.mdcalc.com/calc/3803
72,Maintenance Fluids Calculations,Calculates maintenance fluid requirements by weight.,http://www.mdcalc.com/calc/72
1844,Major Depression Index (MDI),Screens for depression based on clinically significant questions.,http://www.mdcalc.com/calc/1844
10190,Malnutrition Universal Screening Tool (MUST),Identifies patients who are malnourished or at risk of malnutrition.,http://www.mdcalc.com/calc/10190
10539,MALT Lymphoma Prognostic Index (MALT-IPI),Identifies MALT lymphoma patients at risk of poor outcomes.,http://www.mdcalc.com/calc/10539
2142,Manchester Score for Prognosis in Small Cell Lung Cancer,Predicts 2 year survival of small cell lung cancer.,http://www.mdcalc.com/calc/2142
549,Mangled Extremity Severity Score (MESS),"Estimates viability of an extremity after trauma, to determine need for salvage vs empiric amputation.",http://www.mdcalc.com/calc/549
3167,Manning Criteria for Diagnosis of Irritable Bowel Syndrome (IBS),Determines likelihood of irritable bowel syndrome diagnosis based on clinically significant criteria.,http://www.mdcalc.com/calc/3167
4053,Mantle Cell Lymphoma International Prognostic Index (MIPI),Predicts survival in patients with mantle cell lymphoma.,http://www.mdcalc.com/calc/4053
4022,Marburg Heart Score (MHS),Rules out coronary artery disease in primary care patients with chest pain.,http://www.mdcalc.com/calc/4022
3913,MASCC Risk Index for Febrile Neutropenia,Identifies patients at low risk for poor outcome with febrile neutropenia.,http://www.mdcalc.com/calc/3913
10010,Maternal-Fetal Hemorrhage Rh(D) Immune Globulin Dosage,"Calculates amount of RhIG to be administered to the mother, at the time of delivery, to prevent hemolytic disease of the fetus and newborn (HDFN).",http://www.mdcalc.com/calc/10010
3905,Maximum Allowable Blood Loss (ABL) Without Transfusion,Estimates the maximum allowable blood loss intraoperatively before transfusion should be considered.,http://www.mdcalc.com/calc/3905
3675,Mayo Score/Disease Activity Index (DAI) for Ulcerative Colitis,Assesses severity of ulcerative colitis.,http://www.mdcalc.com/calc/3675
10162,McDonald Criteria for Multiple Sclerosis (2017 Revision),Diagnoses multiple sclerosis.,http://www.mdcalc.com/calc/10162
4017,McMahon Score for Rhabdomyolysis,Predicts mortality or acute kidney injury (AKI) in rhabdomyolysis patients.,http://www.mdcalc.com/calc/4017
76,MDRD GFR Equation,Estimates glomerular filtration rate based on creatinine and patient characteristics.,http://www.mdcalc.com/calc/76
74,Mean Arterial Pressure (MAP),Calculates mean arterial pressure.,http://www.mdcalc.com/calc/74
10087,Mehran Score for Post-PCI Contrast Nephropathy,Predicts risk of contrast-induced nephropathy (CIN) after percutaneous coronary intervention (PCI).,http://www.mdcalc.com/calc/10087
3007,Mekhail Extension of the Motzer Score,"Predicts metastatic renal cell carcinoma survival, more accurately than the Motzer Score.",http://www.mdcalc.com/calc/3007
78,MELD Na (UNOS/OPTN),Quantifies end-stage liver disease for transplant planning with sodium.,http://www.mdcalc.com/calc/78
2693,"MELD Score (Original, Pre-2016, Model for End-Stage Liver Disease)",Quantifies end-stage liver disease for transplant planning.,http://www.mdcalc.com/calc/2693
1754,MELDNa/MELD-Na Score for Liver Cirrhosis,Adds sodium to the MELD model for liver cirrhosis.,http://www.mdcalc.com/calc/1754
2153,Memorial Sloan-Kettering Cancer Center (MSKCC/Motzer) Score for Metastatic Renal Cell Carcinoma (RCC),Predicts survival based on clinical and laboratory data in metastatic RCC patients.,http://www.mdcalc.com/calc/2153
10534,Mentzer Index,Differentiates beta thalassemia from iron deficiency anemia.,http://www.mdcalc.com/calc/10534
10519,Menza Score,Predicts 4-year risk of HIV for MSM.,http://www.mdcalc.com/calc/10519
10181,Metabolic Score for Insulin Resistance (METS-IR),Predicts risk of type 2 diabetes in previously undiagnosed patients.,http://www.mdcalc.com/calc/10181
3823,Metroticket Calculator for Hepatocellular Carcinoma (HCC) Survival,Predicts survival for patients with HCC.,http://www.mdcalc.com/calc/3823
3838,Michigan Risk Score for PICC-Related Thrombosis,Predicts risk of DVT in patients with peripherally inserted central catheter (PICC).,http://www.mdcalc.com/calc/3838
10521,Migraine Disability Assessment (MIDAS),Quantifies the amount of disability due to headache-related symptoms.,http://www.mdcalc.com/calc/10521
10496,Migraine Treatment Optimization Questionnaire-4 (mTOQ-4),Determines effectiveness of current migraine treatment plan.,http://www.mdcalc.com/calc/10496
3900,Milan Criteria for Liver Transplantation,"Assess suitability of patients for liver transplant with cirrhosis and hepatocellular carcinoma, recommended by AASLD guidelines.",http://www.mdcalc.com/calc/3900
3946,Mirels’ Criteria for Prophylactic Fixation,Predicts risk of pathologic fracture in patients with long bone metastasis.,http://www.mdcalc.com/calc/3946
4006,mMRC (Modified Medical Research Council) Dyspnea Scale,"Stratifies severity of dyspnea in respiratory diseases, particularly COPD.",http://www.mdcalc.com/calc/4006
10437,Model for End-Stage Liver Disease (Combined MELD),Offers multiple versions of MELD for liver transplant planning.,http://www.mdcalc.com/calc/10437
3382,Modified Asthma Predictive Index (mAPI),Predicts future asthma in pediatric patients.,http://www.mdcalc.com/calc/3382
3814,Modified Bishop Score for Vaginal Delivery and Induction of Labor,Predicts likelihood of successful vaginal delivery with additional parameters to the original Bishop score.,http://www.mdcalc.com/calc/3814
10432,Modified Brain Injury Guideline (mBIG),Defines the management of traumatic brain injury.,http://www.mdcalc.com/calc/10432
1875,Modified Early Warning Score (MEWS) for Clinical Deterioration,Determines the degree of illness of a patient.,http://www.mdcalc.com/calc/1875
2196,Modified Fatigue Impact Scale (MFIS),Measures the impact fatigue takes on a patient's daily life.,http://www.mdcalc.com/calc/2196
10048,Modified Finnegan Neonatal Abstinence Score (NAS),Stratifies severity of opioid withdrawal in newborns.,http://www.mdcalc.com/calc/10048
3837,Modified Fisher Grading Scale for Subarachnoid Hemorrhage (SAH),States severity of SAH based on amount and type of blood on CT with associated vasospasm risk.,http://www.mdcalc.com/calc/3837
3312,Modified Glasgow Prognostic Score (mGPS) for Cancer Outcomes,"Provides improved cancer prognosis over the original score, based on serum biomarkers.",http://www.mdcalc.com/calc/3312
3976,Modified Hoehn and Yahr Scale for Parkinson’s Disease,Grades severity of symptoms in Parkinson&rsquo;s disease.,http://www.mdcalc.com/calc/3976
3989,Modified Mallampati Classification,Stratifies predicted difficulty of endotracheal intubation based on anatomic features.,http://www.mdcalc.com/calc/3989
1756,Modified NIH Stroke Scale/Score (mNIHSS),"Shortened, validated version of the NIHSS.",http://www.mdcalc.com/calc/1756
1890,Modified Rankin Scale for Neurologic Disability,Measures the degree of disability or dependence in the daily activities of people who have suffered a stroke or other causes of neurological disability.,http://www.mdcalc.com/calc/1890
10430,Modified Rankin Score-9Q (mRS-9Q),Assesses level of function in neurological disease.,http://www.mdcalc.com/calc/10430
3824,Modified Response Evaluation Criteria in Solid Tumors (mRECIST),"Measures treatment response, specifically to cytotoxic drugs, based on tumor shrinkage.",http://www.mdcalc.com/calc/3824
10287,Modified Sequential Organ Failure Assessment (mSOFA) Score,Predicts ICU mortality using mostly clinical variables and fewer labs (similar to SOFA Score).,http://www.mdcalc.com/calc/10287
10353,Modified Sgarbossa's Criteria for MI in Left Bundle Branch Block,Diagnoses acute MI in patients with prior LBBB.,http://www.mdcalc.com/calc/10353
3966,Modified SOAR Score for Stroke,Predicts short-term mortality in acute ischemic stroke.,http://www.mdcalc.com/calc/3966
4058,Montgomery-Asberg Depression Rating Scale (MADRS),Stratifies severity of depressive episodes in adults.,http://www.mdcalc.com/calc/4058
10237,Montreal Classification for Inflammatory Bowel Disease (IBD),Classifies severity of Crohn's disease and ulcerative colitis.,http://www.mdcalc.com/calc/10237
10044,Montreal Cognitive Assessment (MoCA),Screens for mild cognitive impairment and Alzheimer's disease.,http://www.mdcalc.com/calc/10044
10170,Morphine Milligram Equivalents (MME) Calculator,Calculates total daily morphine milligram equivalents.,http://www.mdcalc.com/calc/10170
10279,MuLBSTA Score for Viral Pneumonia Mortality,Predicts 90-day mortality in patients with viral pneumonia.,http://www.mdcalc.com/calc/10279
10233,Multiple Myeloma Diagnostic Criteria,"Diagnoses multiple myeloma, according to the International Myeloma Working Group (IMWG).",http://www.mdcalc.com/calc/10233
3841,Multiple Myeloma International Staging System (ISS),Prognosticates the severity of multiple myeloma based on routinely obtained lab values.,http://www.mdcalc.com/calc/3841
10232,Multiple Myeloma Response Criteria,"Predicts disease response in multiple myeloma, from the International Myeloma Working Group (IMWG).",http://www.mdcalc.com/calc/10232
10129,Mumtaz Score for Readmission in Cirrhosis,Predicts 30-day readmission risk in patients with cirrhosis.,http://www.mdcalc.com/calc/10129
3996,Murray Score for Acute Lung Injury,"Stratifies severity of acute lung injury, and is also used for ECMO patient selection.",http://www.mdcalc.com/calc/3996
10068,NAFLD (Non-Alcoholic Fatty Liver Disease) Activity Score,"Diagnoses steatohepatitis, based on histology, in NAFLD patients.",http://www.mdcalc.com/calc/10068
3081,NAFLD (Non-Alcoholic Fatty Liver Disease) Fibrosis Score,Estimates amount of scarring in the liver based on several laboratory tests.,http://www.mdcalc.com/calc/3081
4023,Naloxone Drip Dosing,Doses naloxone for acute opioid overdose.,http://www.mdcalc.com/calc/4023
10490,National Comprehensive Cancer Network International Prognostic Index (NCCN-IPI),Predicts survival in patients with diffuse large B-cell lymphoma (DLBCL).,http://www.mdcalc.com/calc/10490
1873,National Early Warning Score (NEWS),Determines the degree of illness of a patient and prompts critical care intervention.,http://www.mdcalc.com/calc/1873
10083,National Early Warning Score (NEWS) 2,Determines the degree of illness of a patient and prompts critical care intervention (recommended by NHS over original NEWS).,http://www.mdcalc.com/calc/10083
10532,Neck Disability Index (NDI),Assesses disability in patients with neck pain.,http://www.mdcalc.com/calc/10532
3143,NEDOCS Score for Emergency Department Overcrowding,Estimates severity of overcrowding in emergency departments.,http://www.mdcalc.com/calc/3143
10006,Neonatal Partial Exchange for Polycythemia,Estimates the volume of whole blood to remove and volume of crystalloid to infuse in neonatal polycythemia.,http://www.mdcalc.com/calc/10006
3626,Neuropathic Pain Scale (NPS),Quantifies severity of neuropathic pain.,http://www.mdcalc.com/calc/3626
10305,Neutrophil-Lymphocyte Ratio (NLR) Calculator,Calculates neutrophil-lymphocyte ratio.,http://www.mdcalc.com/calc/10305
604,New Orleans/Charity Head Trauma/Injury Rule,Criteria for which patients are unlikely to require imaging after head trauma.,http://www.mdcalc.com/calc/604
3987,New York Heart Association (NYHA) Functional Classification for Heart Failure,Stratifies severity of heart failure by symptoms.,http://www.mdcalc.com/calc/3987
10077,Newsom Score for Non-traumatic Chest Pain,Rules out need for chest x-ray in chest pain patients (non-traumatic).,http://www.mdcalc.com/calc/10077
3815,NEXUS Chest CT Decision Instrument for CT Imaging,Identifies blunt trauma patients with clinically significant thoracic injuries.,http://www.mdcalc.com/calc/3815
2075,NEXUS Chest Decision Instrument for Blunt Chest Trauma,Determines which patients require chest imaging after blunt trauma.,http://www.mdcalc.com/calc/2075
703,NEXUS Criteria for C-Spine Imaging,"Clears patients from cervical spine fracture clinically, without imaging.",http://www.mdcalc.com/calc/703
10423,NEXUS Head CT Instrument,Predicts need for head CT after blunt head injury.,http://www.mdcalc.com/calc/10423
715,NIH Stroke Scale/Score (NIHSS),Calculates the NIH Stroke Scale for quantifying stroke severity.,http://www.mdcalc.com/calc/715
10151,NINCDS-ADRDA Criteria for Alzheimer’s Disease,"Diagnoses Alzheimer's disease (AD), alternative to IWG-2 Criteria.",http://www.mdcalc.com/calc/10151
10492,Nomogram for Breast Cancer Brain Metastasis,Predicts risk of brain metastasis in patients with stage IV breast cancer.,http://www.mdcalc.com/calc/10492
3621,Nonverbal Pain Scale (NVPS) for Nonverbal Patients,"Quantifies pain in patients unable to speak (due to intubation, dementia, etc).",http://www.mdcalc.com/calc/3621
10394,Novel Pneumonia Risk Score (PRS),Predicts radiographic pneumonia in children.,http://www.mdcalc.com/calc/10394
4011,Nutrition Risk in the Critically Ill (NUTRIC) Score,"Identifies critically ill patients who can benefit from nutrition therapy, recommended by ACG guidelines.",http://www.mdcalc.com/calc/4011
4012,Nutrition Risk Screening 2002 (NRS-2002),"Predicts risk of malnutrition in hospitalized patients, recommended by ACG guidelines.",http://www.mdcalc.com/calc/4012
10202,Nutritional Risk Index (NRI),"Quantifies malnutrition, validated in many populations.",http://www.mdcalc.com/calc/10202
10042,Oakland Score for Safe Discharge After Lower GI Bleed,Predicts readmission risk in patients with acute lower GI bleeding.,http://www.mdcalc.com/calc/10042
10520,Obesity Surgery Mortality Risk Score (OS-MRS),Predicts mortality risk in patients undergoing gastric bypass surgery.,http://www.mdcalc.com/calc/10520
10025,Ocular Hypertension Treatment Study (OHTS) Calculator,Identifies patients that may benefit from therapy to lower intraocular pressure (IOP).,http://www.mdcalc.com/calc/10025
3950,OESIL Score for Syncope,Estimates 12-month all-cause mortality in patients presenting with syncope.,http://www.mdcalc.com/calc/3950
10418,Ongoing Violence Assessment Tool (OVAT),Detects domestic abuse (intimate partner violence) in women and men in emergency department settings.,http://www.mdcalc.com/calc/10418
1757,Opioid Risk Tool (ORT) for Narcotic Abuse,Estimates risk of opioid-related aberrant behaviors.,http://www.mdcalc.com/calc/1757
10227,ORBIT Bleeding Risk Score for Atrial Fibrillation,"Predicts bleeding risk in patients on anticoagulation for afib, similar to HAS-BLED.",http://www.mdcalc.com/calc/10227
10542,Osteoporosis Index of Risk (OSIRIS),Stratifies osteoporosis risk in postmenopausal women.,http://www.mdcalc.com/calc/10542
10541,Osteoporosis Risk Assessment Instrument (ORAI),Identifies women at risk for osteoporosis and recommends bone densitometry.,http://www.mdcalc.com/calc/10541
10543,Osteoporosis Self Assessment Tool (OST),Classifies the risk of osteoporosis in women and men.,http://www.mdcalc.com/calc/10543
1670,Ottawa Ankle Rule,Rules out clinically significant foot and ankle fractures to reduce use of x-ray imaging.,http://www.mdcalc.com/calc/1670
10188,Ottawa COPD Risk Scale,"Predicts 30-day mortality or serious adverse events (MI, intubation, etc) in ED patients with COPD.",http://www.mdcalc.com/calc/10188
3994,Ottawa Heart Failure Risk Scale (OHFRS),Identifies ED patients with heart failure at high risk for serious adverse events.,http://www.mdcalc.com/calc/3994
368,Ottawa Knee Rule,Describes criteria for knee trauma patients so low risk as not to warrant knee imaging.,http://www.mdcalc.com/calc/368
3875,Ottawa Subarachnoid Hemorrhage (SAH) Rule for Headache Evaluation,Rules out SAH in patients with headache.,http://www.mdcalc.com/calc/3875
10242,Overall Neuropathy Limitations Scale (ONLS),Quantifies severity of peripheral neuropathy.,http://www.mdcalc.com/calc/10242
80,Oxygenation Index,"Predicts outcomes, especially in pediatric patients; helps determine need for ECMO.",http://www.mdcalc.com/calc/80
10187,Pack Years Calculator,Calculates pack years in patients with any smoking history.,http://www.mdcalc.com/calc/10187
2023,Padua Prediction Score for Risk of VTE,Determines anticoagulation need in hospitalized patients by risk of VTE.,http://www.mdcalc.com/calc/2023
3701,Pain Assessment in Advanced Dementia Scale (PAINAD),Assesses pain in patients with dementia.,http://www.mdcalc.com/calc/3701
10405,"Pain, Enjoyment of Life and General Activity (PEG) Scale",Assesses chronic pain in primary care patients.,http://www.mdcalc.com/calc/10405
3955,Palchak (UC Davis) Rule for Pediatric Head Trauma,Identifies children at low risk for brain injuries after blunt head trauma.,http://www.mdcalc.com/calc/3955
10194,Pancreatic Fistula Risk Score,"Predicts postoperative pancreatic fistula, based on intraoperative findings, after pancreatic resection.",http://www.mdcalc.com/calc/10194
10081,Paradise Criteria for Tonsillectomy in Children,Predicts which patients with recurring sore throat will benefit from tonsillectomy.,http://www.mdcalc.com/calc/10081
83,Parkland Formula for Burns,Calculates fluid requirements for burn patients in a 24-hour period.,http://www.mdcalc.com/calc/83
10127,Patient Activity Scale (PAS) for RA,Quantifies severity of rheumatoid arthritis (RA) using patient-reported symptoms.,http://www.mdcalc.com/calc/10127
10128,Patient Activity Scale II (PAS II) for RA,Quantifies severity of rheumatoid arthritis (RA) and has fewer questions than PAS.,http://www.mdcalc.com/calc/10128
589,PECARN Pediatric Head Injury/Trauma Algorithm,Predicts need for brain imaging after pediatric head injury.,http://www.mdcalc.com/calc/589
3971,PECARN Pediatric Intra-Abdominal Injury (IAI) Algorithm,Identifies children at very low risk of clinically important blunt abdominal injuries.,http://www.mdcalc.com/calc/3971
10204,PECARN Rule for Low Risk Febrile Infants 29-60 Days Old,"Predicts risk of urinary tract infection, bacteremia, or bacterial meningitis in febrile infants age 29-60 days old.",http://www.mdcalc.com/calc/10204
10201,Pediatric Appendicitis Risk Calculator (pARC),"Quantifies appendicitis risk in pediatric patients with abdominal pain, possibly better than the Pediatric Appendicitis Score.",http://www.mdcalc.com/calc/10201
3926,Pediatric Appendicitis Score (PAS),Predicts appendicitis in children.,http://www.mdcalc.com/calc/3926
3935,Pediatric Asthma Score (PAS),Stratifies asthma severity in children.,http://www.mdcalc.com/calc/3935
3383,Pediatric Asthma Severity Score (PASS) for Asthma Exacerbation Severity,Determines pediatric asthma severity based on physical exam findings.,http://www.mdcalc.com/calc/3383
3907,Pediatric Crohn’s Disease Activity Index (PCDAI),Stratifies severity of Crohn's disease in pediatric patients.,http://www.mdcalc.com/calc/3907
3901,Pediatric Early Warning Score (PEWS),Identifies pediatric patients at risk for clinical deterioration.,http://www.mdcalc.com/calc/3901
58,Pediatric Endotracheal Tube (ETT) Size,Estimates ET tube size based on age.,http://www.mdcalc.com/calc/58
3702,Pediatric Glasgow Coma Scale (pGCS),Assesses impaired consciousness and coma in pediatric patients.,http://www.mdcalc.com/calc/3702
85,Pediatric Ins and Outs,"Calculates fluid status in volume per weight &amp; volume per weight per time, for pediatrics.",http://www.mdcalc.com/calc/85
10078,Pediatric NEXUS II Head CT Decision Instrument for Blunt Trauma,"Predicts need for head CT after pediatric blunt head injury, similar to PECARN.",http://www.mdcalc.com/calc/10078
10270,Pediatric NIH Stroke Scale (NIHSS),Quantifies stroke severity using a child-specific version of the NIH Stroke Score.,http://www.mdcalc.com/calc/10270
3384,Pediatric Respiratory Assessment Measure (PRAM) for Asthma Exacerbation Severity,Measures severity of airway obstruction in pediatric patients using clinical observations.,http://www.mdcalc.com/calc/3384
1977,"Pediatric SIRS, Sepsis, and Septic Shock Criteria",Defines the severity of sepsis and septic shock for pediatric patients.,http://www.mdcalc.com/calc/1977
4035,Pediatric Trauma BIG Score,Stratifies severity of illness and predicts mortality in pediatric patients after trauma.,http://www.mdcalc.com/calc/4035
10185,Pediatric Trauma Score (PTS),Stratifies severity of traumatic injury in children.,http://www.mdcalc.com/calc/10185
10059,PEDIS Score for Diabetic Foot Ulcers,Predicts 6-month risk of amputation and mortality in diabetic foot ulcers.,http://www.mdcalc.com/calc/10059
3144,PEDOCS Score for Pediatric Emergency Department Overcrowding,Estimates severity of overcrowding in pediatrics emergency departments.,http://www.mdcalc.com/calc/3144
10507,PELD Cr (Pediatric End-Stage Liver Disease),Updates PELD model as standard for pediatric liver transplant planning.,http://www.mdcalc.com/calc/10507
87,PELD Score (Pediatric End-Stage Liver Disease) (younger than 12),Calculates the pediatric version of the MELD score for liver cirrhosis severity and transplant planning.,http://www.mdcalc.com/calc/87
10422,Penicillin Allergy Decision Rule (PEN-FAST),Identifies low-risk penicillin allergies.,http://www.mdcalc.com/calc/10422
347,PERC Rule for Pulmonary Embolism,Rules out PE if no criteria are present and pre-test probability is &le;15%.,http://www.mdcalc.com/calc/347
10009,Peripheral Blood Stem Cell Collection,Estimates CD34+ yield using pre-apheresis peripheral blood absolute CD34 blood count.,http://www.mdcalc.com/calc/10009
10459,PHASES Score,Predicts 5-year risk of rupture of intracranial aneurysms.,http://www.mdcalc.com/calc/10459
333,Phenytoin (Dilantin) Correction for Albumin/Renal Failure,Corrects serum phenytoin level for renal failure and/or hypoalbuminemia.,http://www.mdcalc.com/calc/333
10509,Phoenix Sepsis Score,Evaluates for sepsis and septic shock in children.,http://www.mdcalc.com/calc/10509
1725,PHQ-9 (Patient Health Questionnaire-9),Objectifies degree of depression severity.,http://www.mdcalc.com/calc/1725
10278,PIRO Score for Community-Acquired Pneumonia,Predicts ICU mortality in patients with community-acquired pneumonia.,http://www.mdcalc.com/calc/10278
1042,Pittsburgh Knee Rules,"Defines when knee x-rays are unnecessary, based on the Pittsburgh rules.",http://www.mdcalc.com/calc/1042
3943,Pittsburgh Response to Endovascular therapy (PRE) Score,Identifies patients with anterior circulation large vessel occlusion (LVO) strokes likely to benefit from endovascular therapy.,http://www.mdcalc.com/calc/3943
3965,PLAN Score for Stroke,Predicts mortality and severe disability in acute ischemic stroke.,http://www.mdcalc.com/calc/3965
4033,Plasma Dosage,Doses plasma for transfusion in patients with active bleeding.,http://www.mdcalc.com/calc/4033
10200,PLASMIC Score for TTP,Predicts ADAMTS13 deficiency in suspected thrombotic thrombocytopenic purpura (TTP) with high discrimination.,http://www.mdcalc.com/calc/10200
2022,POMPE-C Tool for Pulmonary Embolism Mortality,Predicts mortality for cancer patients with PE.,http://www.mdcalc.com/calc/2022
10414,Positive and Negative Syndrome Scale (PANSS) for Schizophrenia,Measures the prevalence of positive and negative syndromes in schizophrenia.,http://www.mdcalc.com/calc/10414
3927,POSSUM for Operative Morbidity and Mortality Risk,Estimates morbidity and mortality for general surgery patients.,http://www.mdcalc.com/calc/3927
4041,Prague C & M Classification for Barrett's Esophagus,Stratifies severity of Barrett's esophagus according to endoscopic findings.,http://www.mdcalc.com/calc/4041
10438,Precision Medicine for Cardiomyopathy (PRIMaCY) Score,Predicts sudden cardiac death (SCD) risk in pediatric patients with hypertrophic cardiomyopathy (HCM).,http://www.mdcalc.com/calc/10438
10491,Predicting Risk of Cardiovascular Disease EVENTs (PREVENT),Predicts risk for incident CVD and CVD subtypes.,http://www.mdcalc.com/calc/10491
10102,Prediction of Alcohol Withdrawal Severity Scale,"Screens hospitalized patients for complicated alcohol withdrawal (seizures, delirium tremens).",http://www.mdcalc.com/calc/10102
10282,PREdiction of Survival on ECMO Therapy (PRESET) Score,Predicts survival after ECMO for acute respiratory distress syndrome.,http://www.mdcalc.com/calc/10282
423,Pregnancy Due Dates Calculator,"Calculates pregnancy dates from last period, gestational age, or date of conception.",http://www.mdcalc.com/calc/423
10097,Preoperative Mortality Predictor (PMP) Score,Predicts risk of perioperative mortality in general surgery patients.,http://www.mdcalc.com/calc/10097
10210,PREVAIL Model for Prostate Cancer Survival,Predicts overall survival in chemotherapy-naive patients with metastatic castration-resistant prostate cancer.,http://www.mdcalc.com/calc/10210
3385,Prevention and Incidence of Asthma and Mite Allergy (PIAMA) Risk Score,Determines risk of asthma for school age children.,http://www.mdcalc.com/calc/3385
10369,PRIEST COVID-19 Clinical Severity Score,Predicts adverse outcome in adults presenting to ED with suspected COVID-19.,http://www.mdcalc.com/calc/10369
10473,Primary Care PTSD Screen for DSM-5 (PC-PTSD-5),Screens for PTSD in primary care populations.,http://www.mdcalc.com/calc/10473
3313,Prognostic Index for Cancer Outcomes,Predicts cancer mortality from serum biomarkers.,http://www.mdcalc.com/calc/3313
10096,PROMISE Score for Malignant Pleural Effusion,Predicts 3-month mortality in patients with malignant pleural effusion.,http://www.mdcalc.com/calc/10096
2076,Prostate Tumor Volume & Density,Measures prostate tumor volume and PSA density.,http://www.mdcalc.com/calc/2076
10198,PSA Doubling Time (PSADT) Calculator,Calculates rate of PSA doubling in prostate cancer (correlates with survival).,http://www.mdcalc.com/calc/10198
33,PSI/PORT Score: Pneumonia Severity Index for CAP,Estimates mortality for adult patients with community-acquired pneumonia.,http://www.mdcalc.com/calc/33
10182,Psoriasis Area and Severity Index (PASI),Quantifies severity of psoriasis.,http://www.mdcalc.com/calc/10182
1304,Pulmonary Embolism Severity Index (PESI),Predicts 30-day outcome of patients with pulmonary embolism using 11 clinical criteria.,http://www.mdcalc.com/calc/1304
2654,qSOFA (Quick SOFA) Score for Sepsis,Identifies high-risk patients for in-hospital mortality with suspected infection outside the ICU.,http://www.mdcalc.com/calc/2654
10304,Quick COVID-19 Severity Index (qCSI),Predicts 24-hr risk of critical respiratory illness in patients admitted from ED with COVID-19.,http://www.mdcalc.com/calc/10304
1845,Quick Inventory of Depressive Symptomatology (QIDS),"Rates depression symptoms via self-assessment, also known as QIDS-SR-16.",http://www.mdcalc.com/calc/1845
4064,R Factor for Liver Injury,"Differentiates cholestatic from hepatocellular liver injury, recommended by ACG guidelines.",http://www.mdcalc.com/calc/4064
10111,Radiation Biologically Effective Dose (BED) Calculator,Calculates biologically effective dose (BED) and equivalent dose (EQD2) for cancer radiotherapy.,http://www.mdcalc.com/calc/10111
4055,RADS (Radiologist’s Score) for Smoke Inhalation Injury,Stratifies severity of inhalation injury on chest CT.,http://www.mdcalc.com/calc/4055
10054,Rai Staging System for Chronic Lymphocytic Leukemia (CLL),"Stages chronic lymphocytic leukemia, similar to Binet Staging System.",http://www.mdcalc.com/calc/10054
89,Ranson's Criteria for Pancreatitis Mortality,"Estimates mortality of patients with pancreatitis, based on initial and 48-hour lab values.",http://www.mdcalc.com/calc/89
3941,Rapid Arterial oCclusion Evaluation (RACE) Scale for Stroke,Predicts large vessel occlusion (LVO) in patients with acute stroke.,http://www.mdcalc.com/calc/3941
10145,Rapid Emergency Medicine Score (REMS),Predicts in-hospital mortality in nonsurgical adult patients presenting to the ED.,http://www.mdcalc.com/calc/10145
10163,RAPID Score for Acetabular Chondrolabral Disruption,Predicts probability of finding high-grade hip cartilage damage intraoperatively.,http://www.mdcalc.com/calc/10163
4014,RAPID Score for Pleural Infection,Predicts mortality in patients with pleural infection.,http://www.mdcalc.com/calc/4014
3999,Rapid Shallow Breathing Index (RSBI),"Predicts successful extubation, to be used only as a single component of the clinical picture.",http://www.mdcalc.com/calc/3999
10011,RBC Units to Screen for Compatibility,Estimates number of donor RBC units to screen to obtain a desired number of antigen-negative units.,http://www.mdcalc.com/calc/10011
10347,RCVS<sub>2</sub> Score for Reversible Cerebral Vasoconstriction Syndrome,Distinguishes reversible cerebral vasoconstriction syndrome from other intracranial arteriopathies at admission.,http://www.mdcalc.com/calc/10347
10031,REACH-B Score for Hepatocellular Carcinoma (HCC),Estimates risk of hepatocellular carcinoma (HCC) in patients with chronic hepatitis B.,http://www.mdcalc.com/calc/10031
10148,READMITS Score for Readmissions in Acute MI,Predicts 30-day readmission risk in patients admitted for ST-elevation myocardial infarction (not externally validated).,http://www.mdcalc.com/calc/10148
10397,Rebound Hyperbilirubinemia Risk Score,Estimates risk of rebound hyperbilirubinemia after inpatient phototherapy.,http://www.mdcalc.com/calc/10397
10027,Recognition of Stroke in the Emergency Room (ROSIER) Scale,Distinguishes between acute stroke and stroke mimics.,http://www.mdcalc.com/calc/10027
10177,Recurrent Instability of the Patella (RIP) Score,Predicts risk of recurrent instability after primary patellar dislocation.,http://www.mdcalc.com/calc/10177
10390,Refractory Epilepsy Screening Tool for Lennox–Gastaut Syndrome (REST-LGS),Provides diagnostic criteria for Lennox-Gastaut Syndrome (LGS).,http://www.mdcalc.com/calc/10390
10084,RegiSCAR Score for Drug Reaction with Eosinophilia and Systemic Symptoms (DRESS),Diagnoses drug reaction with eosinophilia and systemic symptoms (DRESS).,http://www.mdcalc.com/calc/10084
10530,Reid's Colposcopic Index (RCI),Colposcopically predicts histological grade of premalignant cervical lesions.,http://www.mdcalc.com/calc/10530
10472,Relative Fat Mass (RFM),Estimates whole body fat percentage among adults.,http://www.mdcalc.com/calc/10472
3908,RENAL Nephrometry Score,Categorizes renal masses by complexity for surgical decision-making.,http://www.mdcalc.com/calc/3908
10502,RESECT-90,Estimates 90-day mortality in lung resection patients.,http://www.mdcalc.com/calc/10502
10143,RESP (Respiratory ECMO Survival Prediction) Score,Predicts in-hospital survival in adult patients after ECMO for acute respiratory failure.,http://www.mdcalc.com/calc/10143
10236,Respiratory Score for Asthma (Liu et al),Stratifies severity of asthma exacerbation in pediatric patients.,http://www.mdcalc.com/calc/10236
10431,Resuscitation Using ECPR During In-Hospital Cardiac Arrest (RESCUE-IHCA),Predicts the probability of death for adult extracorporeal cardiopulmonary resuscitation (ECPR).,http://www.mdcalc.com/calc/10431
10071,REVEAL Registry Risk Score 2.0 for Pulmonary Arterial Hypertension (PAH),Predicts survival in patients with pulmonary arterial hypertension.,http://www.mdcalc.com/calc/10071
10166,Revised Amyotrophic Lateral Sclerosis Functional Rating Scale (ALSFRS-R),"Stratifies severity of amyotrophic lateral sclerosis (ALS), including respiratory function.",http://www.mdcalc.com/calc/10166
1739,Revised Cardiac Risk Index for Pre-Operative Risk,Estimates risk of cardiac complications after noncardiac surgery.,http://www.mdcalc.com/calc/1739
3981,Revised International Prognostic Scoring System (IPSS-R) for Myelodysplastic Syndrome (MDS),Stages patients with MDS.,http://www.mdcalc.com/calc/3981
2198,Revised McDonald Criteria for Multiple Sclerosis Diagnosis,Determines presence of MS using MRI findings.,http://www.mdcalc.com/calc/2198
3842,Revised Multiple Myeloma International Staging System (R-ISS),Prognostication tool for myeloma patients based on the genetics and other routinely used lab values in conjunction with the original ISS Staging System.,http://www.mdcalc.com/calc/3842
3676,Revised Natural History Model for Primary Sclerosing Cholangitis,Estimates survival from primary sclerosing cholangitis.,http://www.mdcalc.com/calc/3676
10483,Revised Opioid Risk Tool (ORT-OUD),Measures risk of opioid drug abuse in patients with chronic pain.,http://www.mdcalc.com/calc/10483
3111,Revised Original Score for Autoimmune Hepatitis (AIH),Revised version of the original scoring system for the diagnosis of autoimmune hepatitis.,http://www.mdcalc.com/calc/3111
10008,Revised Schwartz Equation for Glomerular Filtration Rate (GFR) (2009),Estimates GFR in pediatric patients.,http://www.mdcalc.com/calc/10008
10475,Revised Tokuhashi Scoring System,Predicts survival in patients with spinal tumors.,http://www.mdcalc.com/calc/10475
683,Revised Trauma Score,"Quantifies severity of trauma injuries based on GCS, blood pressure, and respiratory rate.",http://www.mdcalc.com/calc/683
2047,Revised Urinary Incontinence Scale (RUIS),Assesses urinary incontinence symptoms and monitors outcomes with treatment.,http://www.mdcalc.com/calc/2047
3932,Reynolds Risk Score for Cardiovascular Risk in Women,Estimates 10-year cardiovascular risk in women over age 45 years.,http://www.mdcalc.com/calc/3932
10485,RibScore,Predicts adverse pulmonary outcomes from rib fracture.,http://www.mdcalc.com/calc/10485
1872,Richmond Agitation-Sedation Scale (RASS),Ranks agitation and possibility for sedation.,http://www.mdcalc.com/calc/1872
1786,RIETE Score for Risk of Hemorrhage in Pulmonary Embolism Treatment,Determine the risk of major bleeding during anticoagulant therapy.,http://www.mdcalc.com/calc/1786
10019,RIFLE Criteria for Acute Kidney Injury (AKI),"Classifies severity of acute kidney injury, similar to AKIN Classification.",http://www.mdcalc.com/calc/10019
3166,RIPASA Score for Acute Appendicitis,"Diagnoses appendicitis with lab values and clinical findings, especially for Asian populations.",http://www.mdcalc.com/calc/3166
10103,Risk of Malignancy Index (RMI) for Ovarian Cancer,Predicts risk that an adnexal mass is malignant.,http://www.mdcalc.com/calc/10103
3902,Risk of Paradoxical Embolism (RoPE) Score,Identifies stroke-related PFO in patients with cryptogenic stroke.,http://www.mdcalc.com/calc/3902
3386,Risk Score for Asthma Exacerbation (RSE),Predicts likelihood of asthma exacerbation within 6 months.,http://www.mdcalc.com/calc/3386
10209,RiskE Score for Cardiac Surgery in Active Infective Endocarditis,Predicts perioperative mortality in patients with active left-sided endocarditis.,http://www.mdcalc.com/calc/10209
4049,Rochester Criteria for Febrile Infants,Determines whether febrile infants are low risk for serious bacterial infection.,http://www.mdcalc.com/calc/4049
3642,Rockall Score for Upper GI Bleeding (Complete),Determines severity of GI bleeding.,http://www.mdcalc.com/calc/3642
3643,Rockall Score for Upper GI Bleeding (Pre-Endoscopy),"Determines severity of GI bleeding, prior to endoscopy.",http://www.mdcalc.com/calc/3643
3281,Rome II Diagnostic Criteria for Irritable Bowel Syndrome (IBS),Official Rome II criteria for the diagnosis of irritable bowel syndrome.,http://www.mdcalc.com/calc/3281
3165,Rome III Diagnostic Criteria for Irritable Bowel Syndrome (IBS),Official Rome III criteria for the diagnosis of irritable bowel syndrome.,http://www.mdcalc.com/calc/3165
10276,Rome IV Diagnosis Criteria for Functional Heartburn,Official Rome IV criteria for the diagnosis of functional heartburn.,http://www.mdcalc.com/calc/10276
10295,Rome IV Diagnostic Criteria for Belching Disorders,Official Rome IV criteria for the diagnosis of excessive supragastric or gastric belching.,http://www.mdcalc.com/calc/10295
10319,Rome IV Diagnostic Criteria for Biliary Pain,Official Rome IV criteria for the diagnosis of biliary pain.,http://www.mdcalc.com/calc/10319
10298,Rome IV Diagnostic Criteria for Cannabinoid Hyperemesis Syndrome (CHS),Official Rome IV criteria for the diagnosis of cannabinoid hyperemesis syndrome.,http://www.mdcalc.com/calc/10298
10308,Rome IV Diagnostic Criteria for Centrally Mediated Abdominal Pain Syndrome (CAPS),Official Rome IV criteria for the diagnosis of centrally mediated abdominal pain syndrome (CAPS).,http://www.mdcalc.com/calc/10308
10329,Rome IV Diagnostic Criteria for Child Abdominal Migraine,Official Rome IV criteria for the diagnosis of child abdominal migraine.,http://www.mdcalc.com/calc/10329
10327,Rome IV Diagnostic Criteria for Child Aerophagia,Official Rome IV criteria for the diagnosis of child aerophagia.,http://www.mdcalc.com/calc/10327
10324,Rome IV Diagnostic Criteria for Child Cyclic Vomiting Syndrome ,Official Rome IV criteria for the diagnosis of child cyclic vomiting syndrome.,http://www.mdcalc.com/calc/10324
10330,Rome IV Diagnostic Criteria for Child Functional Abdominal Pain,Official Rome IV criteria for the diagnosis of child functional abdominal pain.,http://www.mdcalc.com/calc/10330
10331,Rome IV Diagnostic Criteria for Child Functional Constipation,Official Rome IV criteria for the diagnosis of child functional constipation.,http://www.mdcalc.com/calc/10331
10334,Rome IV Diagnostic Criteria for Child Functional Dyspepsia,Official Rome IV criteria for the diagnosis of child functional dyspepsia.,http://www.mdcalc.com/calc/10334
10325,Rome IV Diagnostic Criteria for Child Functional Nausea and Vomiting,Official Rome IV criteria for the diagnosis of child functional nausea and vomiting.,http://www.mdcalc.com/calc/10325
10328,Rome IV Diagnostic Criteria for Child Irritable Bowel Syndrome (IBS),Official Rome IV criteria for the diagnosis of child irritable bowel syndrome (IBS).,http://www.mdcalc.com/calc/10328
10332,Rome IV Diagnostic Criteria for Child Non-retentive Fecal Incontinence,Official Rome IV criteria for the diagnosis of child nonretentive fecal incontinence.,http://www.mdcalc.com/calc/10332
10326,Rome IV Diagnostic Criteria for Child Rumination Syndrome,Official Rome IV criteria for the diagnosis of child rumination syndrome.,http://www.mdcalc.com/calc/10326
10296,Rome IV Diagnostic Criteria for Chronic Nausea Vomiting Syndrome (CNVS),Official Rome IV criteria for the diagnosis of chronic nausea vomiting syndrome (CNVS).,http://www.mdcalc.com/calc/10296
10299,Rome IV Diagnostic Criteria for Cyclic Vomiting Syndrome,Official Rome IV criteria for the diagnosis of cyclic vomiting syndrome.,http://www.mdcalc.com/calc/10299
10310,Rome IV Diagnostic Criteria for Fecal Incontinence,Official Rome IV criteria for the diagnosis of fecal incontinence.,http://www.mdcalc.com/calc/10310
10272,Rome IV Diagnostic Criteria for Functional Abdominal Bloating/Distension,Official Rome IV criteria for the diagnosis of functional abdominal bloating or distension.,http://www.mdcalc.com/calc/10272
10322,Rome IV Diagnostic Criteria for Functional Anorectal Pain,Official Rome IV criteria for the diagnosis of levator ani syndrome or unspecified functional anorectal pain.,http://www.mdcalc.com/calc/10322
10321,Rome IV Diagnostic Criteria for Functional Biliary Sphincter of Oddi Disorder (SOD),Official Rome IV criteria for the diagnosis of functional biliary sphincter of Oddi disorder.,http://www.mdcalc.com/calc/10321
10275,Rome IV Diagnostic Criteria for Functional Chest Pain,Official Rome IV criteria for the diagnosis of functional chest pain.,http://www.mdcalc.com/calc/10275
10003,Rome IV Diagnostic Criteria for Functional Constipation,Official Rome IV criteria for the diagnosis of functional constipation.,http://www.mdcalc.com/calc/10003
10335,Rome IV Diagnostic Criteria for Functional Defecation Disorders,Official Rome IV criteria for the diagnosis of functional defecation disorders.,http://www.mdcalc.com/calc/10335
10271,Rome IV Diagnostic Criteria for Functional Diarrhea,Official Rome IV criteria for the diagnosis of functional diarrhea.,http://www.mdcalc.com/calc/10271
10002,Rome IV Diagnostic Criteria for Functional Dyspepsia,Official Rome IV criteria for the diagnosis of functional dyspepsia.,http://www.mdcalc.com/calc/10002
10283,Rome IV Diagnostic Criteria for Functional Dysphagia,Official Rome IV criteria for the diagnosis of functional dysphagia.,http://www.mdcalc.com/calc/10283
10320,Rome IV Diagnostic Criteria for Functional Gallbladder Disorder,Official Rome IV criteria for the diagnosis of functional gallbladder disorder.,http://www.mdcalc.com/calc/10320
10312,Rome IV Diagnostic Criteria for Functional Pancreatic Sphincter of Oddi Disorder (SOD),Official Rome IV criteria for the diagnosis of functional pancreatic sphincter of oddi disorder.,http://www.mdcalc.com/calc/10312
10284,Rome IV Diagnostic Criteria for Globus,Official Rome IV criteria for the diagnosis of globus.,http://www.mdcalc.com/calc/10284
10316,Rome IV Diagnostic Criteria for Infant Colic,Official Rome IV criteria for the diagnosis of infant colic.,http://www.mdcalc.com/calc/10316
10314,Rome IV Diagnostic Criteria for Infant Dyschezia,Official Rome IV criteria for the diagnosis of infant dyschezia.,http://www.mdcalc.com/calc/10314
10311,Rome IV Diagnostic Criteria for Infant Functional Constipation,Official Rome IV criteria for the diagnosis of infant functional constipation.,http://www.mdcalc.com/calc/10311
10315,Rome IV Diagnostic Criteria for Infant Functional Diarrhea,Official Rome IV criteria for the diagnosis of infant functional diarrhea.,http://www.mdcalc.com/calc/10315
10309,Rome IV Diagnostic Criteria for Infant Regurgitation,Official Rome IV criteria for the diagnosis of infant regurgitation.,http://www.mdcalc.com/calc/10309
4007,Rome IV Diagnostic Criteria for Irritable Bowel Syndrome (IBS),Official Rome IV criteria for the diagnosis of irritable bowel syndrome.,http://www.mdcalc.com/calc/4007
10313,Rome IV Diagnostic Criteria for Narcotic Bowel Syndrome ,Official Rome IV criteria for the diagnosis of narcotic bowel syndrome.,http://www.mdcalc.com/calc/10313
10274,Rome IV Diagnostic Criteria for Opioid-Induced Constipation,Official Rome IV criteria for the diagnosis of opioid-induced constipation.,http://www.mdcalc.com/calc/10274
10323,Rome IV Diagnostic Criteria for Proctalgia Fugax,Official Rome IV criteria for the diagnosis of proctalgia fugax.,http://www.mdcalc.com/calc/10323
10277,Rome IV Diagnostic Criteria for Reflux Hypersensitivity,Official Rome IV criteria for the diagnosis of reflux hypersensitivity.,http://www.mdcalc.com/calc/10277
10292,Rome IV Diagnostic Criteria for Rumination Syndrome,Official Rome IV criteria for the diagnosis of rumination syndrome.,http://www.mdcalc.com/calc/10292
10273,Rome IV Diagnostic Criteria for Unspecified Functional Bowel Disorder,Official Rome IV criteria for the diagnosis of unspecified functional bowel disorder.,http://www.mdcalc.com/calc/10273
3949,ROSE (Risk Stratification of Syncope in the Emergency Department) Rule,Predicts 1-month serious outcome or death in patients presenting with syncope,http://www.mdcalc.com/calc/3949
10288,Roth Score for Hypoxia Screening,Screens for hypoxia in dyspneic patients.,http://www.mdcalc.com/calc/10288
10302,ROX Index for Intubation after HFNC,Predicts high-flow nasal cannula (HFNC) failure/need for intubation.,http://www.mdcalc.com/calc/10302
3988,Rule of 7s for Lyme Meningitis,Distinguishes Lyme meningitis from aseptic meningitis.,http://www.mdcalc.com/calc/3988
10345,Salivary Gland Cancer Model for Survival +/- Postoperative Radiotherapy (PORT),Predicts overall survival with and without postoperative radiotherapy (PORT) for resected major salivary gland cancers.,http://www.mdcalc.com/calc/10345
93,San Francisco Syncope Rule,Predicts risk for serious outcomes at 7 days in patients presenting with syncope or near-syncope.,http://www.mdcalc.com/calc/93
10144,SAVE (Survival after Veno-Arterial ECMO) Score,Predicts in-hospital survival in adult patients after VA ECMO for refractory cardiogenic shock.,http://www.mdcalc.com/calc/10144
3977,Schwab and England Activities of Daily Living (ADL) Scale,Grades functional status in patients with Parkinson&rsquo;s disease.,http://www.mdcalc.com/calc/3977
3808,Seattle Heart Failure Model,Predicts survival in heart failure.,http://www.mdcalc.com/calc/3808
3802,Secondary Intracerebral Hemorrhage (sICH) Score,Quantifies likelihood of underlying vascular etiology in patients with ICH.,http://www.mdcalc.com/calc/3802
2039,SEDAN Score for Post-tPA Hemorrhage,Predicts risk of Symptomatic Intracerebral Hemorrhage (sICH) after tPA.,http://www.mdcalc.com/calc/2039
10301,Sepsis-Induced Coagulopathy (SIC) Score,Predicts likelihood of sepsis-induced coagulopathy.,http://www.mdcalc.com/calc/10301
10486,Sequential Clinical Assessment of Respiratory Function (SCARF) Score,Predicts adverse outcomes in critically ill rib fracture patients.,http://www.mdcalc.com/calc/10486
691,Sequential Organ Failure Assessment (SOFA) Score,Predicts ICU mortality based on lab results and clinical data.,http://www.mdcalc.com/calc/691
3096,Serum Ascites Albumin Gradient (SAAG),Defines presence of portal hypertension in patients with ascites.,http://www.mdcalc.com/calc/3096
91,Serum Osmolality/Osmolarity,"Calculates expected serum osmolarity, for comparison to measured osmolarity to detect unmeasured compounds in the serum.",http://www.mdcalc.com/calc/91
10487,SETscore,Predicts tracheostomy need in neurocritical care patients.,http://www.mdcalc.com/calc/10487
10280,Severe Community-Acquired Pneumonia (SCAP) Score,Predicts risk of adverse outcomes in CAP patients in the ED.,http://www.mdcalc.com/calc/10280
1732,Sgarbossa's Criteria for MI in Left Bundle Branch Block,Criteria to diagnose acute MI in patients with prior LBBB.,http://www.mdcalc.com/calc/1732
10535,Shanghai Score,Stratifies risk in suspected Brugada syndrome.,http://www.mdcalc.com/calc/10535
10513,Shapiro Rule,Indicates if an ED patient qualifies for a blood culture.,http://www.mdcalc.com/calc/10513
1316,Shock Index,"May be a more sensitive indicator of occult shock, especially in trauma or acute hemorrhage.",http://www.mdcalc.com/calc/1316
10058,"Shock Index, Pediatric Age-Adjusted (SIPA)",Predicts mortality in children with blunt trauma.,http://www.mdcalc.com/calc/10058
3962,Shorr Score for MRSA Pneumonia,Identifies pneumonia patients at low risk for MRSA.,http://www.mdcalc.com/calc/3962
4013,Short Michigan Alcoholism Screening Test (SMAST),Screens for alcohol abuse.,http://www.mdcalc.com/calc/4013
10515,Short Michigan Alcoholism Screening Test-Geriatric Version (SMAST-G),Screens for alcohol abuse in elderly patients.,http://www.mdcalc.com/calc/10515
2197,Shortened Modified Fatigue Impact Scale (MFIS),Shorter version of MFIS which measures the impact fatigue takes on a patient's daily life.,http://www.mdcalc.com/calc/2197
4066,Sickle Cell RBC Exchange Volume,Estimates the volume of donor RBCs needed for RBC exchange in patients with sickle cell disease.,http://www.mdcalc.com/calc/4066
3817,Simon Broome Diagnostic Criteria for Familial Hypercholesterolemia (FH),"Diagnoses familial hypercholesterolemia (FH) based on clinical, genetic and family history.",http://www.mdcalc.com/calc/3817
2194,Simple Disease Activity Index (SDAI) for Rheumatoid Arthritis,Determines severity of rheumatoid arthritis using clinical and laboratory data.,http://www.mdcalc.com/calc/2194
10403,Simplified Acute Physiology Score (SAPS) 3,Estimates the probability of mortality for ICU patients on admission.,http://www.mdcalc.com/calc/10403
4044,Simplified Acute Physiology Score (SAPS) II,"Estimates mortality in ICU patients, comparable to APACHE II.",http://www.mdcalc.com/calc/4044
3112,Simplified Autoimmune Hepatitis (AIH) Score,Diagnoses autoimmune hepatitis.,http://www.mdcalc.com/calc/3112
1832,Simplified Motor Score (SMS),Simplifies assessment of head trauma patients compared to the GCS.,http://www.mdcalc.com/calc/1832
1247,Simplified PESI (Pulmonary Embolism Severity Index),"Predicts 30-day outcome of patients with PE, with fewer criteria than the original PESI.",http://www.mdcalc.com/calc/1247
1096,"SIRS, Sepsis, and Septic Shock Criteria",Defines the severity of sepsis and septic shock.,http://www.mdcalc.com/calc/1096
10034,SLICC Criteria for Systemic Lupus Erythematosus (SLE) 2012,Provides criteria for diagnosis of SLE.,http://www.mdcalc.com/calc/10034
3914,SMART-COP Score for Pneumonia Severity,Predicts need for intensive respiratory or vasopressor support (IRVS) in community-acquired pneumonia (CAP).,http://www.mdcalc.com/calc/3914
50,Sodium Correction for Hyperglycemia,Calculates the actual sodium level in patients with hyperglycemia.,http://www.mdcalc.com/calc/50
480,Sodium Correction Rate in Hyponatremia and Hypernatremia,"Calculates recommended fluid type, rate, and volume to correct hyponatremia slowly (or more rapidly if seizing).",http://www.mdcalc.com/calc/480
95,Sodium Deficit in Hyponatremia,Calculates sodium quantity missing in hyponatremia.,http://www.mdcalc.com/calc/95
2143,Sokal Index for Chronic Myelogenous Leukemia (CML),Predicts survival of CML based on clinical and lab information.,http://www.mdcalc.com/calc/2143
4057,Solitary Pulmonary Nodule (SPN) Malignancy Risk Score (Mayo Clinic Model),Predicts malignancy risk in solitary lung nodules on chest x-ray.,http://www.mdcalc.com/calc/4057
10548,Spinal Instability Neoplastic Scale (SINS) Score,Evaluates the degree of spinal instability in patients with spinal tumors.,http://www.mdcalc.com/calc/10548
2154,SSIGN Score for Renal Cell Carcinoma (RCC),Predicts progression of clear cell renal cell carcinoma after radical nephrectomy.,http://www.mdcalc.com/calc/2154
10074,Stanford Sleepiness Scale,Quantifies subjective degrees of sleepiness.,http://www.mdcalc.com/calc/10074
10289,Static Lung Compliance (Cstat) Calculation,Calculates pressure needed to overcome elastic resistance to ventilation.,http://www.mdcalc.com/calc/10289
10065,Steinhart Model for Acute Heart Failure (AHF) in Undifferentiated Dyspnea,Diagnoses acute heart failure with NT-proBNP in undifferentiated dyspneic patients.,http://www.mdcalc.com/calc/10065
1801,Step-by-Step Approach to Febrile Infants,Identifies febrile infants &le;90 days old at low risk of invasive bacterial infections.,http://www.mdcalc.com/calc/1801
2040,Steroid Conversion Calculator,Converts steroid dosages using dosing equivalencies.,http://www.mdcalc.com/calc/2040
2044,STONE Nephrolithometry Score for Renal Calculi,Predicts recurrence of kidney stone based on radiological criteria.,http://www.mdcalc.com/calc/2044
10110,STONE Score for Uncomplicated Ureteral Stone,Predicts likelihood of ureteral stone in nontoxic-appearing patients with flank pain.,http://www.mdcalc.com/calc/10110
101,Stool Osmolar/Osmotic Gap,Determines if chronic diarrhea is osmotic or secretory in nature.,http://www.mdcalc.com/calc/101
3992,STOP-BANG Score for Obstructive Sleep Apnea,Screens for obstructive sleep apnea.,http://www.mdcalc.com/calc/3992
10468,STUMBL/Battle Score,Predicts morbidity in patients with blunt chest wall trauma.,http://www.mdcalc.com/calc/10468
10085,Subaxial Injury Classification and Severity Scale (SLICS),Classifies subaxial cervical spine injury and provides treatment recommendations.,http://www.mdcalc.com/calc/10085
10079,Subtle Anterior STEMI Calculator (4-Variable),"Differentiates normal variant ST elevation (benign early repolarization) from anterior STEMI, more sensitive than 3-variable version.",http://www.mdcalc.com/calc/10079
1826,Surgical Apgar Score (SAS) for Postoperative Risk,"Predicts postoperative risk of major complication, including death.",http://www.mdcalc.com/calc/1826
10531,Swede Score,Colposcopically ​​predicts high-grade lesions (HGL) in histology.,http://www.mdcalc.com/calc/10531
10499,Systematic Coronary Risk Evaluation 2 (SCORE2),Predicts 10-year CVD risk in patients without prior CVD or diabetes.,http://www.mdcalc.com/calc/10499
10510,Systematic Coronary Risk Evaluation 2-Diabetes (SCORE2-Diabetes),Predicts 10-year CVD risk in patients with type 2 diabetes.,http://www.mdcalc.com/calc/10510
10503,Systematic Coronary Risk Evaluation 2-Older Persons (SCORE2-OP),Predicts 10-year CVD risk in older patients.,http://www.mdcalc.com/calc/10503
10099,Systemic Lupus Erythematosus Disease Activity Index 2000 (SLEDAI-2K),Stratifies severity of systemic lupus erythematosus (SLE).,http://www.mdcalc.com/calc/10099
1236,TASH Score (Trauma Associated Severe Hemorrhage),Predicts the need for massive transfusion based on clinical and laboratory data.,http://www.mdcalc.com/calc/1236
10480,Tenecteplase (TNK) Dosing for Ischemic Stroke Calculator,Doses tenecteplase (a type of tPA) for use in ischemic stroke.,http://www.mdcalc.com/calc/10480
10440,Testicular Workup for Ischemia and Suspected Torsion (TWIST),"Diagnoses testicular torsion, decreasing indication for ultrasound.",http://www.mdcalc.com/calc/10440
10527,"The Car, Relax, Alone, Forget, Friends, Trouble (CRAFFT) Questionnaire",Screens for substance use risk in adolescents.,http://www.mdcalc.com/calc/10527
10545,"The Face, Legs, Activity, Cry, and Consolability (FLACC) Scale",Evaluates postoperative pain in young children.,http://www.mdcalc.com/calc/10545
10524,"The Sick, Control, One, Fat, Food (SCOFF) Questionnaire",Screens for eating disorders.,http://www.mdcalc.com/calc/10524
10013,Therapeutic Plasmapheresis Calculator,Estimates amount of a substance (e.g. antibody) remaining in the intravascular space after a given number of plasma volume exchanges.,http://www.mdcalc.com/calc/10013
10461,Therapy-Disability-Neurology (TDN) Grade,Classifies severity of adverse events after neurosurgery.,http://www.mdcalc.com/calc/10461
10126,Thoracolumbar Injury Classification and Severity Scale (TLICS),Classifies thoracolumbar spine injury and provides treatment recommendations.,http://www.mdcalc.com/calc/10126
1706,THRIVE Score for Stroke Outcome,Estimates prognosis after an acute ischemic stroke.,http://www.mdcalc.com/calc/1706
10516,Thrombosis Risk Prediction Following Cast Immobilization (TRiP(cast)) Score,Predicts risk of VTE in patients with lower limb trauma.,http://www.mdcalc.com/calc/10516
665,TIMI Risk Index,"Provides mortality estimate in patients with ACS using only blood pressure, heart rate, and age.",http://www.mdcalc.com/calc/665
99,TIMI Risk Score for STEMI,Estimates mortality in patients with STEMI.,http://www.mdcalc.com/calc/99
111,TIMI Risk Score for UA/NSTEMI,Estimates mortality for patients with unstable angina and non-ST elevation MI.,http://www.mdcalc.com/calc/111
10293,Tisdale Risk Score for QT Prolongation,Predicts risk of QT prolongation greater than 500 msec in hospitalized patients.,http://www.mdcalc.com/calc/10293
10142,Tokyo Guidelines for Acute Cholangitis 2018,Provides diagnostic criteria and severity grading for acute cholangitis.,http://www.mdcalc.com/calc/10142
10130,Tokyo Guidelines for Acute Cholecystitis 2018,Provides diagnostic criteria and severity grading for acute cholecystitis.,http://www.mdcalc.com/calc/10130
3940,tPA (Alteplase) Dosing for Ischemic Stroke Calculator,Doses alteplase (a type of tPA) for ischemic stroke.,http://www.mdcalc.com/calc/3940
1934,tPA Contraindications for Ischemic Stroke,Provides inclusion/exclusion criteria when deciding to use tPA on a patient with acute ischemic stroke.,http://www.mdcalc.com/calc/1934
3944,Transtubular Potassium Gradient (TTKG),May help in assessment of hyperkalemia or hypokalemia.,http://www.mdcalc.com/calc/3944
10404,Trauma Score and Injury Severity Score (TRISS),Estimates the probability of survival for trauma patients.,http://www.mdcalc.com/calc/10404
10512,Travis Criteria,Predicts risk of needing colectomy with severe ulcerative colitis.,http://www.mdcalc.com/calc/10512
3942,Troponin-only Manchester Acute Coronary Syndromes (T-MACS) Decision Aid,Rules out acute coronary syndrome.,http://www.mdcalc.com/calc/3942
10235,Truelove and Witts Severity Index for Ulcerative Colitis,Stratifies severity of ulcerative colitis.,http://www.mdcalc.com/calc/10235
3979,Trunk Impairment Scale,Quantifies disability after stroke; also validated in Parkinson&rsquo;s disease.,http://www.mdcalc.com/calc/3979
3009,UCLA Integrated Staging System (UISS) for Renal Cell Carcinoma (RCC),Provides 5-year disease-free prognosis for localized and metastatic RCC.,http://www.mdcalc.com/calc/3009
2046,UCSF-CAPRA Score for Prostate Cancer Risk,Predicts outcomes of patients post-treatment for prostate cancer.,http://www.mdcalc.com/calc/2046
10395,Ulcerative Colitis Endoscopic Index of Severity (UCEIS),Assesses the endoscopic severity of ulcerative colitis.,http://www.mdcalc.com/calc/10395
10147,United Kingdom Model for End-Stage Liver Disease (UKELD),Predicts mortality in end-stage liver disease patients for transplant planning (UK-specific).,http://www.mdcalc.com/calc/10147
3945,Urinary Protein Excretion Estimation,Quantifies 24-hour proteinuria with protein/creatinine ratio from a single urine sample.,http://www.mdcalc.com/calc/3945
2045,Urine Anion Gap,Detects urine acidosis for evaluation of non-gap metabolic acidosis.,http://www.mdcalc.com/calc/2045
2074,Urine Output and Fluid Balance,Calculates urine output over a 24-hour period.,http://www.mdcalc.com/calc/2074
10226,Urticaria Activity Score (UAS),Stratifies severity of urticaria.,http://www.mdcalc.com/calc/10226
3820,US (MEDPED) Diagnostic Criteria for Familial Hypercholesterolemia (FH),"Diagnoses familial hypercholesterolemia using age, family history, and total cholesterol.",http://www.mdcalc.com/calc/3820
10410,Utah COVID-19 Risk Score,"Recommends oral antivirals for COVID-19 treatment (updated January 28, 2022).",http://www.mdcalc.com/calc/10410
10433,Vaginal Birth After Cesarean (MFMU),Predicts chance of successful vaginal birth after cesarean (VBAC) delivery.,http://www.mdcalc.com/calc/10433
1856,Vancouver Chest Pain Rule,Identifies chest pain patients who are low risk and safe for early discharge.,http://www.mdcalc.com/calc/1856
3317,VBAC Risk Score for Successful Vaginal Delivery (Flamm Model),Predicts likelihood of successful vaginal birth after previous caesarean section (VBAC).,http://www.mdcalc.com/calc/3317
10478,Vesicoureteral Reflux Index (VURx),Predicts resolution of VUR in children.,http://www.mdcalc.com/calc/10478
2201,Veterans Aging Cohort Study (VACS) 1.0 Index,Estimates risk of 5-year all-cause mortality in patients with HIV and/or HCV.,http://www.mdcalc.com/calc/2201
10402,Veterans Aging Cohort Study (VACS) 2.0 Index,"Estimates risk of 5-year all-cause mortality in patients with HIV, an update to the Veterans Aging Cohort Study (VACS) 1.0 Index.",http://www.mdcalc.com/calc/10402
10505,Veterans Aging Cohort Study-Charlson Comorbidity Index (VACS-CCI),"Estimates risk of all-cause mortality in patients with comorbidities, including non-metastatic prostate cancer.",http://www.mdcalc.com/calc/10505
10346,Veterans Health Administration COVID-19 (VACO) Index for COVID-19 Mortality,Estimates risk of 30-day mortality after COVID-19 infection using pre-COVID health status.,http://www.mdcalc.com/calc/10346
10125,Villalta Score for Post-thrombotic Syndrome (PTS),Stratifies severity of post-thrombotic syndrome in lower extremity DVT.,http://www.mdcalc.com/calc/10125
10470,VIRSTA Score,Estimates risk of infective endocarditis (IE) and determines priority for echocardiography.,http://www.mdcalc.com/calc/10470
10060,Visual Acuity Testing (Snellen Chart),Assess binocular and monocular visual acuity.,http://www.mdcalc.com/calc/10060
10467,VTE-BLEED Score,Assesses risk of bleeding while on anticoagulation.,http://www.mdcalc.com/calc/10467
3978,Webster Rating Scale for Parkinson’s Disease,Quantifies degree of disability in Parkinson&rsquo;s disease.,http://www.mdcalc.com/calc/3978
362,Wells' Criteria for DVT,Calculates risk of DVT based on clinical criteria.,http://www.mdcalc.com/calc/362
115,Wells' Criteria for Pulmonary Embolism,Objectifies risk of pulmonary embolism.,http://www.mdcalc.com/calc/115
677,Westley Croup Score,"Quantifies croup severity (although mainly used for research, not clinically).",http://www.mdcalc.com/calc/677
10064,Wexner Score for Obstructed Defecation Syndrome (ODS),Stratifies severity of fecal incontinence.,http://www.mdcalc.com/calc/10064
117,Winters' Formula for Metabolic Acidosis Compensation,Calculates the expected pCO2 compensation in a purely metabolic acidosis.,http://www.mdcalc.com/calc/117
10168,Withdrawal Assessment Tool (WAT-1) for Pediatric Withdrawal,Estimates severity of opioid and benzodiazepine withdrawal in children.,http://www.mdcalc.com/calc/10168
10396,Woman Abuse Screening Tool (WAST),Detects domestic abuse (intimate partner violence) in women in healthcare settings.,http://www.mdcalc.com/calc/10396
4029,Wound Closure Classification,Classifies types of wound closure.,http://www.mdcalc.com/calc/4029
10082,WPSS (WHO classification-based Prognostic Scoring System) for Myelodysplastic Syndrome,Evaluates prognosis of patients with myelodysplastic syndrome (MDS).,http://www.mdcalc.com/calc/10082
4067,YEARS Algorithm for Pulmonary Embolism (PE),Helps rule out pulmonary embolism; also validated in pregnant patients with clinically suspected PE.,http://www.mdcalc.com/calc/4067
